decision_id,chapter_key,view,route,math_root_ordinal,formula_id,expression_id,source_file,source_line,source_column,source_anchor_count,source_anchor_resolution,source_anchor_set_json,final_printed_page,source_tex,before_mathml_sha256,after_mathml_sha256
OLAB-EN-A11Y-NOTATION-002,cmp:thy,explore,parts/cmp/chapters/thy/explore.html,23,,expr-0cf9a00d1baab384,content/computability/computability-theory/k-1.tex,24,7,1,expression-occurrence-set-cross-chapter,"[{""chapter_key"":null,""formula_id"":""projected-formula-0016006"",""normalized_tex"":""K_1 = \\Setabs{e}{\\lexists[s][T(e,0,s)]}"",""source_column"":7,""source_file"":""content/computability/computability-theory/k-1.tex"",""source_ledger"":""data/cmp-thy-semantic/semantic_occurrences.jsonl"",""source_ledger_line"":687,""source_line"":24}]",PENDING_FINAL_PAGINATION,"K_1 = \Setabs{e}{\lexists[s][T(e,0,s)]}",01124d01c7bbb02896afc7c93faa88a574840a9643ef23607d37cb602f94c258,9cc39973c4188f3eb82b76346aa1d3c0279ffc76a42a338d77ddd2cb5747810e
OLAB-EN-A11Y-NOTATION-002,cmp:thy,explore,parts/cmp/chapters/thy/explore.html,73,,expr-3278d314268082cb,content/computability/computability-theory/rice-theorem.tex,24,63,2,expression-occurrence-set-cross-chapter,"[{""chapter_key"":null,""formula_id"":""projected-formula-0016093"",""normalized_tex"":""A = \\Setabs{n}{\\cfind{n} \\in C}"",""source_column"":63,""source_file"":""content/computability/computability-theory/rice-theorem.tex"",""source_ledger"":""data/cmp-thy-semantic/semantic_occurrences.jsonl"",""source_ledger_line"":774,""source_line"":24},{""chapter_key"":null,""formula_id"":""projected-formula-0016106"",""normalized_tex"":""A = \\Setabs{n}{\\cfind{n} \\in C}"",""source_column"":6,""source_file"":""content/computability/computability-theory/rice-theorem.tex"",""source_ledger"":""data/cmp-thy-semantic/semantic_occurrences.jsonl"",""source_ledger_line"":787,""source_line"":35}]",PENDING_FINAL_PAGINATION,A = \Setabs{n}{\cfind{n} \in C},3db31ea953197a701c403f694f3f3398b12b55fa109974c3eefbf25c18d7f8f4,1079647e732912d80d12ec234409d0907bc626f1208e83c9445cea20a4dc9f4b
OLAB-EN-A11Y-NOTATION-002,cmp:thy,explore,parts/cmp/chapters/thy/explore.html,74,,expr-32b3b38bf69c8391,content/computability/computability-theory/russells-paradox.tex,15,30,1,expression-occurrence-set-cross-chapter,"[{""chapter_key"":null,""formula_id"":""projected-formula-0015541"",""normalized_tex"":""S = \\Setabs{x}{x \\notin x}"",""source_column"":30,""source_file"":""content/computability/computability-theory/russells-paradox.tex"",""source_ledger"":""data/cmp-thy-semantic/semantic_occurrences.jsonl"",""source_ledger_line"":222,""source_line"":15}]",PENDING_FINAL_PAGINATION,S = \Setabs{x}{x \notin x},067b1210ee55d29c003182be41950803473c238095995e005c24713120323153,7bdfc160d31dbea09a8f2e1958a3b9970195ea917fdf24747272a97893651f50
OLAB-EN-A11Y-NOTATION-002,cmp:thy,explore,parts/cmp/chapters/thy/explore.html,78,,expr-3432408e34956dfa,content/computability/computability-theory/complete-ce-sets.tex,32,1,1,expression-occurrence-set-cross-chapter,"[{""chapter_key"":null,""formula_id"":""projected-formula-0015988"",""normalized_tex"":""B = W_e = \\Setabs{x}{\\cfind{e}(x) \\fdefined}."",""source_column"":1,""source_file"":""content/computability/computability-theory/complete-ce-sets.tex"",""source_ledger"":""data/cmp-thy-semantic/semantic_occurrences.jsonl"",""source_ledger_line"":669,""source_line"":32}]",PENDING_FINAL_PAGINATION,B = W_e = \Setabs{x}{\cfind{e}(x) \fdefined}.,329149b48993e4c60e41d31b18878e7c1270ee8bb314a29e4cc3fbf4ce934641,ad1a49365466ba08a200fe1993071dfbecc02a9ff01e91dae795bd9d65eef2bd
OLAB-EN-A11Y-NOTATION-002,cmp:thy,explore,parts/cmp/chapters/thy/explore.html,93,,expr-40092fb12ce7d2b9,content/computability/computability-theory/equiv-ce-defs.tex,132,1,1,expression-occurrence-set-cross-chapter,"[{""chapter_key"":null,""formula_id"":""projected-formula-0015690"",""normalized_tex"":""W_e = \\Setabs{x}{\\cfind{e}(x) \\fdefined}."",""source_column"":1,""source_file"":""content/computability/computability-theory/equiv-ce-defs.tex"",""source_ledger"":""data/cmp-thy-semantic/semantic_occurrences.jsonl"",""source_ledger_line"":371,""source_line"":132}]",PENDING_FINAL_PAGINATION,W_e = \Setabs{x}{\cfind{e}(x) \fdefined}.,1031454b6cb1b1132d217a2846469de99e6672b123daab8f015df4b36a5eb395,292feb9b8d54c515825fe6af7bdd6694c0f5dbdd6c2ca92a827ac273f5710cfe
OLAB-EN-A11Y-NOTATION-002,cmp:thy,explore,parts/cmp/chapters/thy/explore.html,150,,expr-6bf7cbf3c883ca8a,content/computability/computability-theory/equiv-ce-defs.tex,36,1,2,expression-occurrence-set-cross-chapter,"[{""chapter_key"":null,""formula_id"":""projected-formula-0015603"",""normalized_tex"":""S = \\Setabs{x}{\\cfind{e}(x) \\fdefined}."",""source_column"":1,""source_file"":""content/computability/computability-theory/equiv-ce-defs.tex"",""source_ledger"":""data/cmp-thy-semantic/semantic_occurrences.jsonl"",""source_ledger_line"":284,""source_line"":36},{""chapter_key"":null,""formula_id"":""projected-formula-0015674"",""normalized_tex"":""S = \\Setabs{x}{\\cfind{e}(x) \\fdefined}."",""source_column"":1,""source_file"":""content/computability/computability-theory/equiv-ce-defs.tex"",""source_ledger"":""data/cmp-thy-semantic/semantic_occurrences.jsonl"",""source_ledger_line"":355,""source_line"":110}]",PENDING_FINAL_PAGINATION,S = \Setabs{x}{\cfind{e}(x) \fdefined}.,92b964e2f375e61db445f698d4085141f57680705e6b544b3947eb10328af2de,53740d7b6242d5b751f9facda6d43e7b90653f4567cdf024bd199a0cdb99482a
OLAB-EN-A11Y-NOTATION-002,cmp:thy,explore,parts/cmp/chapters/thy/explore.html,169,,expr-80759daa1178b685,content/computability/computability-theory/non-comp-set.tex,17,22,1,expression-occurrence-set-cross-chapter,"[{""chapter_key"":null,""formula_id"":""projected-formula-0015710"",""normalized_tex"":""\\Setabs{\\tuple{e, x}}{\\cfind{e}(x) \\fdefined}"",""source_column"":22,""source_file"":""content/computability/computability-theory/non-comp-set.tex"",""source_ledger"":""data/cmp-thy-semantic/semantic_occurrences.jsonl"",""source_ledger_line"":391,""source_line"":17}]",PENDING_FINAL_PAGINATION,"\Setabs{\tuple{e, x}}{\cfind{e}(x) \fdefined}",bef6023ebda4eabab7efdbd798701bfe42a61faa90e83b7fff53f71a9796ef40,70ef7a2631174aa1184f0bb953a3a168ff1a11aadb4a7428ca22c8c439fd7b9e
OLAB-EN-A11Y-NOTATION-002,cmp:thy,explore,parts/cmp/chapters/thy/explore.html,177,,expr-8bab7505b45d972a,content/computability/computability-theory/reducibility.tex,39,1,1,expression-occurrence-set-cross-chapter,"[{""chapter_key"":null,""formula_id"":""projected-formula-0015863"",""normalized_tex"":""K_0 = \\Setabs{\\tuple{e, x}}{\\cfind{e}(x) \\fdefined },"",""source_column"":1,""source_file"":""content/computability/computability-theory/reducibility.tex"",""source_ledger"":""data/cmp-thy-semantic/semantic_occurrences.jsonl"",""source_ledger_line"":544,""source_line"":39}]",PENDING_FINAL_PAGINATION,"K_0 = \Setabs{\tuple{e, x}}{\cfind{e}(x) \fdefined },",3b7304d8999c0194b7bc2b856cc0c1a6aa0b355aead99e11233fa25ae9c16aba,64368b3a10f455dcb34be2f5a2f58dc272b5beaa4fabf66acc6cc1e90ad1017f
OLAB-EN-A11Y-NOTATION-002,cmp:thy,explore,parts/cmp/chapters/thy/explore.html,214,,expr-a5ec8edf5fd5218f,content/computability/computability-theory/equiv-ce-defs.tex,144,1,1,expression-occurrence-set-cross-chapter,"[{""chapter_key"":null,""formula_id"":""projected-formula-0015696"",""normalized_tex"":""S = \\Setabs{ x }{ \\lexists[y][R(x,y)] }."",""source_column"":1,""source_file"":""content/computability/computability-theory/equiv-ce-defs.tex"",""source_ledger"":""data/cmp-thy-semantic/semantic_occurrences.jsonl"",""source_ledger_line"":377,""source_line"":144}]",PENDING_FINAL_PAGINATION,"S = \Setabs{ x }{ \lexists[y][R(x,y)] }.",2eb2b38cac47973433e5ea6a892359fb8bb9e1b2e2e1f5ad45b398d47e74139b,1568a753f7384d1f26bebb8142f8fbef43ae1d92f2b4da449e9cd92f545d0090
OLAB-EN-A11Y-NOTATION-002,cmp:thy,explore,parts/cmp/chapters/thy/explore.html,251,,expr-bd929c799e4369f1,content/computability/computability-theory/reducibility.tex,42,7,1,expression-occurrence-set-cross-chapter,"[{""chapter_key"":null,""formula_id"":""projected-formula-0015864"",""normalized_tex"":""K_0 = \\Setabs{\\tuple{x,e}}{x \\in W_e}"",""source_column"":7,""source_file"":""content/computability/computability-theory/reducibility.tex"",""source_ledger"":""data/cmp-thy-semantic/semantic_occurrences.jsonl"",""source_ledger_line"":545,""source_line"":42}]",PENDING_FINAL_PAGINATION,"K_0 = \Setabs{\tuple{e,x}}{x \in W_e}",d4d672a5e81f7f2fa5637789e6800e765ec32f730b4cfb75cfa9332417d9b40a,7b8323fcd4dd359dc41cdecd69f755b9a62d1e4598c26f2382ee42639223fcc2
OLAB-EN-A11Y-NOTATION-002,cmp:thy,explore,parts/cmp/chapters/thy/explore.html,253,,expr-bfae91d5dd7c336c,content/computability/computability-theory/non-comp-set.tex,39,16,2,expression-occurrence-set-cross-chapter,"[{""chapter_key"":null,""formula_id"":""projected-formula-0015728"",""normalized_tex"":""K = \\Setabs{e}{\\cfind{e}(e) \\fdefined}"",""source_column"":16,""source_file"":""content/computability/computability-theory/non-comp-set.tex"",""source_ledger"":""data/cmp-thy-semantic/semantic_occurrences.jsonl"",""source_ledger_line"":409,""source_line"":39},{""chapter_key"":null,""formula_id"":""projected-formula-0015729"",""normalized_tex"":""K = \\Setabs{e}{\\cfind{e}(e) \\fdefined}"",""source_column"":22,""source_file"":""content/computability/computability-theory/non-comp-set.tex"",""source_ledger"":""data/cmp-thy-semantic/semantic_occurrences.jsonl"",""source_ledger_line"":410,""source_line"":43}]",PENDING_FINAL_PAGINATION,K = \Setabs{e}{\cfind{e}(e) \fdefined},297f1d56da321eae5c705cacdfd237ead7d01844b435ff47fd9b9fa63a123129,de3cb42013309538de80b37201f41cd3b9e7d0f28ce57959b9b2bb287f9e9409
OLAB-EN-A11Y-NOTATION-002,cmp:thy,explore,parts/cmp/chapters/thy/explore.html,275,,expr-cf624dace3fec4da,content/computability/computability-theory/rice-theorem.tex,117,7,1,expression-occurrence-set-cross-chapter,"[{""chapter_key"":null,""formula_id"":""projected-formula-0016180"",""normalized_tex"":""\\Setabs{x}{\\text{whenever"",""source_column"":7,""source_file"":""content/computability/computability-theory/rice-theorem.tex"",""source_ledger"":""data/cmp-thy-semantic/semantic_occurrences.jsonl"",""source_ledger_line"":861,""source_line"":117}]",PENDING_FINAL_PAGINATION,\Setabs{x}{\lforall[y][\lforall[y'][((y<y' \land \cfind{x}(y)\fdefined) \land (\cfind{x}(y')\fdefined \lif \cfind{x}(y)<\cfind{x}(y')))]]},d32249142868be0a8c60661a00e5aa204967f74feeaa84cd5bcc25ad43377393,3e9f23c67deb7148db596bfef05f557e29ec9acd4b63a74f744e2c70180a404d
OLAB-EN-A11Y-NOTATION-002,cmp:thy,explore,parts/cmp/chapters/thy/explore.html,282,,expr-d0e9583fe4b4c63b,content/computability/computability-theory/total.tex,15,1,1,expression-occurrence-set-cross-chapter,"[{""chapter_key"":null,""formula_id"":""projected-formula-0016053"",""normalized_tex"":""\\fn{Tot} = \\Setabs{x}{\\text{for every $y$, $\\cfind{x}(y)\\fdefined$}}."",""source_column"":1,""source_file"":""content/computability/computability-theory/total.tex"",""source_ledger"":""data/cmp-thy-semantic/semantic_occurrences.jsonl"",""source_ledger_line"":734,""source_line"":15}]",PENDING_FINAL_PAGINATION,"\fn{Tot} = \Setabs{x}{\text{for every $y$, $\cfind{x}(y)\fdefined$}}.",6b81dcb7c1c7ad9c978f6d483b7f04cb0378b8cb0b211de359851d35955afde0,269d61239e597672421b3a85714aab221cf66981746f848489f73c1f3ed88fa8
OLAB-EN-A11Y-NOTATION-002,cmp:thy,explore,parts/cmp/chapters/thy/explore.html,292,,expr-d5485e111b51d4c8,content/computability/computability-theory/reducibility.tex,33,1,1,expression-occurrence-set-cross-chapter,"[{""chapter_key"":null,""formula_id"":""projected-formula-0015859"",""normalized_tex"":""K = \\Setabs{x}{\\cfind{x}(x) \\fdefined},"",""source_column"":1,""source_file"":""content/computability/computability-theory/reducibility.tex"",""source_ledger"":""data/cmp-thy-semantic/semantic_occurrences.jsonl"",""source_ledger_line"":540,""source_line"":33}]",PENDING_FINAL_PAGINATION,"K = \Setabs{x}{\cfind{x}(x) \fdefined},",db0e483450505639f83761c1df6339f61e27cfccebeee2d6b9a30ea20f9e6b09,dc7befa844f5938d0268151fca1e96fc956fcd404ee3674eaf1e1f0e5dc21f0d
OLAB-EN-A11Y-NOTATION-002,cmp:thy,explore,parts/cmp/chapters/thy/explore.html,306,,expr-dfebe77783f5f65e,content/computability/computability-theory/reducibility.tex,36,7,1,expression-occurrence-set-cross-chapter,"[{""chapter_key"":null,""formula_id"":""projected-formula-0015860"",""normalized_tex"":""K = \\Setabs{x}{x \\in W_x}"",""source_column"":7,""source_file"":""content/computability/computability-theory/reducibility.tex"",""source_ledger"":""data/cmp-thy-semantic/semantic_occurrences.jsonl"",""source_ledger_line"":541,""source_line"":36}]",PENDING_FINAL_PAGINATION,K = \Setabs{x}{x \in W_x},288460a3e202752a7b6b355b348de45955c133e503a54f7a85aa356e76792069,9b61bf6faf4afea4e90d84b6c9f109941fb27d0236823a321296bb635423458d
OLAB-EN-A11Y-NOTATION-002,cmp:thy,explore,parts/cmp/chapters/thy/explore.html,322,,expr-ee02dc8e71f7a0d0,content/computability/computability-theory/equiv-ce-defs.tex,153,1,1,expression-occurrence-set-cross-chapter,"[{""chapter_key"":null,""formula_id"":""projected-formula-0015702"",""normalized_tex"":""S = \\Setabs{ x }{ \\lexists[y][T(e, x, y)] }."",""source_column"":1,""source_file"":""content/computability/computability-theory/equiv-ce-defs.tex"",""source_ledger"":""data/cmp-thy-semantic/semantic_occurrences.jsonl"",""source_ledger_line"":383,""source_line"":153}]",PENDING_FINAL_PAGINATION,"S = \Setabs{ x }{ \lexists[y][T(e, x, y)] }.",d51daa6cf74af650bbc8aa9da14fb2638ede36d2e6e3ef9b361c3737fed6f3b1,4ed2f1b72d857931c095c7ff2159cfa5407a9bb96a816cd8fd61fb82a2734d64
OLAB-EN-A11Y-NOTATION-002,cmp:thy,explore,parts/cmp/chapters/thy/explore.html,331,,expr-f4520b4c474518ab,content/computability/computability-theory/equiv-ce-defs.tex,92,1,1,expression-occurrence-set-cross-chapter,"[{""chapter_key"":null,""formula_id"":""projected-formula-0015659"",""normalized_tex"":""S = \\Setabs{y}{\\text{for some $x$, } f(x) = y}."",""source_column"":1,""source_file"":""content/computability/computability-theory/equiv-ce-defs.tex"",""source_ledger"":""data/cmp-thy-semantic/semantic_occurrences.jsonl"",""source_ledger_line"":340,""source_line"":92}]",PENDING_FINAL_PAGINATION,"S = \Setabs{y}{\text{for some $x$, } f(x) = y}.",25dd264d590d6d103240e273262b71bff838d8226cb25fdda0596e3daef7d340,b2f65612aebce866fa9cc61d707e909ba1726a8aa7d4377fbf9ce66574a34445
OLAB-EN-A11Y-NOTATION-002,cmp:thy,explore,parts/cmp/chapters/thy/explore.html,332,,expr-f58d7220499e2505,content/computability/computability-theory/k-1.tex,17,1,1,expression-occurrence-set-cross-chapter,"[{""chapter_key"":null,""formula_id"":""projected-formula-0016004"",""normalized_tex"":""K_1 = \\Setabs{e}{\\cfind{e}(0) \\fdefined}."",""source_column"":1,""source_file"":""content/computability/computability-theory/k-1.tex"",""source_ledger"":""data/cmp-thy-semantic/semantic_occurrences.jsonl"",""source_ledger_line"":685,""source_line"":17}]",PENDING_FINAL_PAGINATION,K_1 = \Setabs{e}{\cfind{e}(0) \fdefined}.,e09e37369cfce6d183f1331ce28e733c42f920d55767534d6563a31bd5f72a3d,d9184638bcaf1ad7aa8dba8a8bd9acbcf1ed038a737c1d494487a4efdca38ecc
OLAB-EN-A11Y-NOTATION-002,cmp:thy,explore,parts/cmp/chapters/thy/explore.html,338,,expr-f9b69eb01778ee91,content/computability/computability-theory/equiv-ce-defs.tex,156,35,1,expression-occurrence-set-cross-chapter,"[{""chapter_key"":null,""formula_id"":""projected-formula-0015703"",""normalized_tex"":""S = \\Setabs{ x }{ \\lexists[y][R(x, y)] }"",""source_column"":35,""source_file"":""content/computability/computability-theory/equiv-ce-defs.tex"",""source_ledger"":""data/cmp-thy-semantic/semantic_occurrences.jsonl"",""source_ledger_line"":384,""source_line"":156}]",PENDING_FINAL_PAGINATION,"S = \Setabs{ x }{ \lexists[y][R(x, y)] }",640cc02f900935a5480f4aa162af8f13ba45045b59cc608f8301b9f777654616,1007ffd91a6e5c33e43d02437f3219346203740eea69a18cb79e7cbbde5cb0a3
OLAB-EN-A11Y-NOTATION-002,cmp:thy,read,parts/cmp/chapters/thy/read.html,222,projected-formula-0015541,expr-32b3b38bf69c8391,content/computability/computability-theory/russells-paradox.tex,15,30,1,formula-id-exact,"[{""chapter_key"":null,""formula_id"":""projected-formula-0015541"",""normalized_tex"":""S = \\Setabs{x}{x \\notin x}"",""source_column"":30,""source_file"":""content/computability/computability-theory/russells-paradox.tex"",""source_ledger"":""data/cmp-thy-semantic/semantic_occurrences.jsonl"",""source_ledger_line"":222,""source_line"":15}]",PENDING_FINAL_PAGINATION,S = \Setabs{x}{x \notin x},7ebd49a0f4e67711679d9ef93533e0408c85b96dfba242c8eeabe7c952b324e1,89bcd1b1baa4c8759b05286de38543643d1f2777a549c8b3c3945e001e535af8
OLAB-EN-A11Y-NOTATION-002,cmp:thy,read,parts/cmp/chapters/thy/read.html,284,projected-formula-0015603,expr-6bf7cbf3c883ca8a,content/computability/computability-theory/equiv-ce-defs.tex,36,1,1,formula-id-exact,"[{""chapter_key"":null,""formula_id"":""projected-formula-0015603"",""normalized_tex"":""S = \\Setabs{x}{\\cfind{e}(x) \\fdefined}."",""source_column"":1,""source_file"":""content/computability/computability-theory/equiv-ce-defs.tex"",""source_ledger"":""data/cmp-thy-semantic/semantic_occurrences.jsonl"",""source_ledger_line"":284,""source_line"":36}]",PENDING_FINAL_PAGINATION,S = \Setabs{x}{\cfind{e}(x) \fdefined}.,97534450d125b49029d041cb9927b590bf5af409b9e7c3467d5f37a4813a8b9d,2d7f8f400398753aa45515df77d7a3ff39d32e3af8bc805450ed077efa1d3562
OLAB-EN-A11Y-NOTATION-002,cmp:thy,read,parts/cmp/chapters/thy/read.html,340,projected-formula-0015659,expr-f4520b4c474518ab,content/computability/computability-theory/equiv-ce-defs.tex,92,1,1,formula-id-exact,"[{""chapter_key"":null,""formula_id"":""projected-formula-0015659"",""normalized_tex"":""S = \\Setabs{y}{\\text{for some $x$, } f(x) = y}."",""source_column"":1,""source_file"":""content/computability/computability-theory/equiv-ce-defs.tex"",""source_ledger"":""data/cmp-thy-semantic/semantic_occurrences.jsonl"",""source_ledger_line"":340,""source_line"":92}]",PENDING_FINAL_PAGINATION,"S = \Setabs{y}{\text{for some $x$, } f(x) = y}.",2aa203aaf7ed131a2a40bf8006db53de69959ee69db3a368898b2ea73aa5e573,aece9d669354c7ac94afe4d34886cd3cef2bd226f7866c47bd1804675a5d1ec3
OLAB-EN-A11Y-NOTATION-002,cmp:thy,read,parts/cmp/chapters/thy/read.html,355,projected-formula-0015674,expr-6bf7cbf3c883ca8a,content/computability/computability-theory/equiv-ce-defs.tex,110,1,1,formula-id-exact,"[{""chapter_key"":null,""formula_id"":""projected-formula-0015674"",""normalized_tex"":""S = \\Setabs{x}{\\cfind{e}(x) \\fdefined}."",""source_column"":1,""source_file"":""content/computability/computability-theory/equiv-ce-defs.tex"",""source_ledger"":""data/cmp-thy-semantic/semantic_occurrences.jsonl"",""source_ledger_line"":355,""source_line"":110}]",PENDING_FINAL_PAGINATION,S = \Setabs{x}{\cfind{e}(x) \fdefined}.,fb79ab72833d78c7fdefae2d65ac120172da4230f131424d1d6506092774c913,417e616ed5c2050b356a4db1cbe43dbf09a63df15a381c16d8020f96ecea690e
OLAB-EN-A11Y-NOTATION-002,cmp:thy,read,parts/cmp/chapters/thy/read.html,371,projected-formula-0015690,expr-40092fb12ce7d2b9,content/computability/computability-theory/equiv-ce-defs.tex,132,1,1,formula-id-exact,"[{""chapter_key"":null,""formula_id"":""projected-formula-0015690"",""normalized_tex"":""W_e = \\Setabs{x}{\\cfind{e}(x) \\fdefined}."",""source_column"":1,""source_file"":""content/computability/computability-theory/equiv-ce-defs.tex"",""source_ledger"":""data/cmp-thy-semantic/semantic_occurrences.jsonl"",""source_ledger_line"":371,""source_line"":132}]",PENDING_FINAL_PAGINATION,W_e = \Setabs{x}{\cfind{e}(x) \fdefined}.,b155b6aa35eb45ed59441df3144314bac05e12eba06483263eb84b474e5746d4,32cc5e98eb554fb897921e3879eb9f55bf653e70995206fbd321cfcb652a3c4a
OLAB-EN-A11Y-NOTATION-002,cmp:thy,read,parts/cmp/chapters/thy/read.html,377,projected-formula-0015696,expr-a5ec8edf5fd5218f,content/computability/computability-theory/equiv-ce-defs.tex,144,1,1,formula-id-exact,"[{""chapter_key"":null,""formula_id"":""projected-formula-0015696"",""normalized_tex"":""S = \\Setabs{ x }{ \\lexists[y][R(x,y)] }."",""source_column"":1,""source_file"":""content/computability/computability-theory/equiv-ce-defs.tex"",""source_ledger"":""data/cmp-thy-semantic/semantic_occurrences.jsonl"",""source_ledger_line"":377,""source_line"":144}]",PENDING_FINAL_PAGINATION,"S = \Setabs{ x }{ \lexists[y][R(x,y)] }.",109b87c0d2ed07d7fab81251e8989de18f8a133cc403e7a6e0220cf458dbb123,a552b6efb1db8d0d1e9093caa0f1adff384a847370f9f50221d078fc57763b02
OLAB-EN-A11Y-NOTATION-002,cmp:thy,read,parts/cmp/chapters/thy/read.html,383,projected-formula-0015702,expr-ee02dc8e71f7a0d0,content/computability/computability-theory/equiv-ce-defs.tex,153,1,1,formula-id-exact,"[{""chapter_key"":null,""formula_id"":""projected-formula-0015702"",""normalized_tex"":""S = \\Setabs{ x }{ \\lexists[y][T(e, x, y)] }."",""source_column"":1,""source_file"":""content/computability/computability-theory/equiv-ce-defs.tex"",""source_ledger"":""data/cmp-thy-semantic/semantic_occurrences.jsonl"",""source_ledger_line"":383,""source_line"":153}]",PENDING_FINAL_PAGINATION,"S = \Setabs{ x }{ \lexists[y][T(e, x, y)] }.",f5aaf58dbdb045e3e46257bfeb29a88fd3aa6bd443b41b960856988412c02f6c,96673174bc6d01b54c32c6e976c44d83fdc334f151ee108dc3958cda7612205f
OLAB-EN-A11Y-NOTATION-002,cmp:thy,read,parts/cmp/chapters/thy/read.html,384,projected-formula-0015703,expr-f9b69eb01778ee91,content/computability/computability-theory/equiv-ce-defs.tex,156,35,1,formula-id-exact,"[{""chapter_key"":null,""formula_id"":""projected-formula-0015703"",""normalized_tex"":""S = \\Setabs{ x }{ \\lexists[y][R(x, y)] }"",""source_column"":35,""source_file"":""content/computability/computability-theory/equiv-ce-defs.tex"",""source_ledger"":""data/cmp-thy-semantic/semantic_occurrences.jsonl"",""source_ledger_line"":384,""source_line"":156}]",PENDING_FINAL_PAGINATION,"S = \Setabs{ x }{ \lexists[y][R(x, y)] }",457fae5c0f014bd90e907d36ad81aa9ca487129897b9c237efef5bd2f764ca21,924a0bbcc2d6e0c85a53869ddbed3d08a8f1a8ced26dacaf00e72fa210970c1c
OLAB-EN-A11Y-NOTATION-002,cmp:thy,read,parts/cmp/chapters/thy/read.html,391,projected-formula-0015710,expr-80759daa1178b685,content/computability/computability-theory/non-comp-set.tex,17,22,1,formula-id-exact,"[{""chapter_key"":null,""formula_id"":""projected-formula-0015710"",""normalized_tex"":""\\Setabs{\\tuple{e, x}}{\\cfind{e}(x) \\fdefined}"",""source_column"":22,""source_file"":""content/computability/computability-theory/non-comp-set.tex"",""source_ledger"":""data/cmp-thy-semantic/semantic_occurrences.jsonl"",""source_ledger_line"":391,""source_line"":17}]",PENDING_FINAL_PAGINATION,"\Setabs{\tuple{e, x}}{\cfind{e}(x) \fdefined}",9474d89892b65f9a2308ed8282dfdcf66b5a0b6c5a4a09acb33355e725c08799,61c956311d2b35fb12c1bad9457e2bd93f270c6e206ae8c3810e49a7b262acae
OLAB-EN-A11Y-NOTATION-002,cmp:thy,read,parts/cmp/chapters/thy/read.html,409,projected-formula-0015728,expr-bfae91d5dd7c336c,content/computability/computability-theory/non-comp-set.tex,39,16,1,formula-id-exact,"[{""chapter_key"":null,""formula_id"":""projected-formula-0015728"",""normalized_tex"":""K = \\Setabs{e}{\\cfind{e}(e) \\fdefined}"",""source_column"":16,""source_file"":""content/computability/computability-theory/non-comp-set.tex"",""source_ledger"":""data/cmp-thy-semantic/semantic_occurrences.jsonl"",""source_ledger_line"":409,""source_line"":39}]",PENDING_FINAL_PAGINATION,K = \Setabs{e}{\cfind{e}(e) \fdefined},95f14faab31adb6925197fa0f9a5676807cc9185f1f5792aee202191afdfd246,b0fb425412b754e164209bfe57744df44cb646695a29c0dfed113201f9c82149
OLAB-EN-A11Y-NOTATION-002,cmp:thy,read,parts/cmp/chapters/thy/read.html,410,projected-formula-0015729,expr-bfae91d5dd7c336c,content/computability/computability-theory/non-comp-set.tex,43,22,1,formula-id-exact,"[{""chapter_key"":null,""formula_id"":""projected-formula-0015729"",""normalized_tex"":""K = \\Setabs{e}{\\cfind{e}(e) \\fdefined}"",""source_column"":22,""source_file"":""content/computability/computability-theory/non-comp-set.tex"",""source_ledger"":""data/cmp-thy-semantic/semantic_occurrences.jsonl"",""source_ledger_line"":410,""source_line"":43}]",PENDING_FINAL_PAGINATION,K = \Setabs{e}{\cfind{e}(e) \fdefined},bbbcdb3ea095e8ef5eb3759fd38c3ee596413019ede981fdc496e899e0111f11,d99c5a7af78965f448fe99542043c16eaf33055a3390d5a815ea24c0c0e43c5f
OLAB-EN-A11Y-NOTATION-002,cmp:thy,read,parts/cmp/chapters/thy/read.html,540,projected-formula-0015859,expr-d5485e111b51d4c8,content/computability/computability-theory/reducibility.tex,33,1,1,formula-id-exact,"[{""chapter_key"":null,""formula_id"":""projected-formula-0015859"",""normalized_tex"":""K = \\Setabs{x}{\\cfind{x}(x) \\fdefined},"",""source_column"":1,""source_file"":""content/computability/computability-theory/reducibility.tex"",""source_ledger"":""data/cmp-thy-semantic/semantic_occurrences.jsonl"",""source_ledger_line"":540,""source_line"":33}]",PENDING_FINAL_PAGINATION,"K = \Setabs{x}{\cfind{x}(x) \fdefined},",388fb09d7d093cd3576dc214f8fb48a3af80702f76758e15e303ed49185205d3,682bf2df4d1897e4e29b958a797650f65d1864c116bc1a02d33767e967ce628c
OLAB-EN-A11Y-NOTATION-002,cmp:thy,read,parts/cmp/chapters/thy/read.html,541,projected-formula-0015860,expr-dfebe77783f5f65e,content/computability/computability-theory/reducibility.tex,36,7,1,formula-id-exact,"[{""chapter_key"":null,""formula_id"":""projected-formula-0015860"",""normalized_tex"":""K = \\Setabs{x}{x \\in W_x}"",""source_column"":7,""source_file"":""content/computability/computability-theory/reducibility.tex"",""source_ledger"":""data/cmp-thy-semantic/semantic_occurrences.jsonl"",""source_ledger_line"":541,""source_line"":36}]",PENDING_FINAL_PAGINATION,K = \Setabs{x}{x \in W_x},853b1788f7bff09d6b5678acdb11212980c4d41a3cdec4979d8c6473a5d3f351,b1c534035dfd003424df35118179c5c2a57b88d213419e1cca307ea286e9829c
OLAB-EN-A11Y-NOTATION-002,cmp:thy,read,parts/cmp/chapters/thy/read.html,544,projected-formula-0015863,expr-8bab7505b45d972a,content/computability/computability-theory/reducibility.tex,39,1,1,formula-id-exact,"[{""chapter_key"":null,""formula_id"":""projected-formula-0015863"",""normalized_tex"":""K_0 = \\Setabs{\\tuple{e, x}}{\\cfind{e}(x) \\fdefined },"",""source_column"":1,""source_file"":""content/computability/computability-theory/reducibility.tex"",""source_ledger"":""data/cmp-thy-semantic/semantic_occurrences.jsonl"",""source_ledger_line"":544,""source_line"":39}]",PENDING_FINAL_PAGINATION,"K_0 = \Setabs{\tuple{e, x}}{\cfind{e}(x) \fdefined },",116c30d0ed4dec3f005f8d46f6d7df70fa870ea4a0b0ac9de2cd5229b6541d4e,4a95cad884fb1e48df170395f9069f1bd94a39154dc8c6727b9b61a77bfdb685
OLAB-EN-A11Y-NOTATION-002,cmp:thy,read,parts/cmp/chapters/thy/read.html,545,projected-formula-0015864,expr-bd929c799e4369f1,content/computability/computability-theory/reducibility.tex,42,7,1,formula-id-exact,"[{""chapter_key"":null,""formula_id"":""projected-formula-0015864"",""normalized_tex"":""K_0 = \\Setabs{\\tuple{x,e}}{x \\in W_e}"",""source_column"":7,""source_file"":""content/computability/computability-theory/reducibility.tex"",""source_ledger"":""data/cmp-thy-semantic/semantic_occurrences.jsonl"",""source_ledger_line"":545,""source_line"":42}]",PENDING_FINAL_PAGINATION,"K_0 = \Setabs{\tuple{e,x}}{x \in W_e}",ba5bf0fc946d8b7226d682379278b9fddd64d2c08fec2ab40a1fe03b23ccf15e,bb1ad1c9222ae8a73d29c152544b189c7e9e27e0b4d2521c51872e837d1e463a
OLAB-EN-A11Y-NOTATION-002,cmp:thy,read,parts/cmp/chapters/thy/read.html,669,projected-formula-0015988,expr-3432408e34956dfa,content/computability/computability-theory/complete-ce-sets.tex,32,1,1,formula-id-exact,"[{""chapter_key"":null,""formula_id"":""projected-formula-0015988"",""normalized_tex"":""B = W_e = \\Setabs{x}{\\cfind{e}(x) \\fdefined}."",""source_column"":1,""source_file"":""content/computability/computability-theory/complete-ce-sets.tex"",""source_ledger"":""data/cmp-thy-semantic/semantic_occurrences.jsonl"",""source_ledger_line"":669,""source_line"":32}]",PENDING_FINAL_PAGINATION,B = W_e = \Setabs{x}{\cfind{e}(x) \fdefined}.,384ec93058b5b401c4af513ba40ff6d312da3bd4c75df8d8d453f67682e00432,49b86161e2dbc75dd98f2464cc96e39cf749543f0c890b6da6ebf8d685564588
OLAB-EN-A11Y-NOTATION-002,cmp:thy,read,parts/cmp/chapters/thy/read.html,685,projected-formula-0016004,expr-f58d7220499e2505,content/computability/computability-theory/k-1.tex,17,1,1,formula-id-exact,"[{""chapter_key"":null,""formula_id"":""projected-formula-0016004"",""normalized_tex"":""K_1 = \\Setabs{e}{\\cfind{e}(0) \\fdefined}."",""source_column"":1,""source_file"":""content/computability/computability-theory/k-1.tex"",""source_ledger"":""data/cmp-thy-semantic/semantic_occurrences.jsonl"",""source_ledger_line"":685,""source_line"":17}]",PENDING_FINAL_PAGINATION,K_1 = \Setabs{e}{\cfind{e}(0) \fdefined}.,821e63bb513b4d34dbf95235c071a3197e3884d0be5dfc27197b6c1a9331a273,e73f4348adc86ff7af8e0497aa8203f4b2cf7a8f17303daedc4fd73097682ab7
OLAB-EN-A11Y-NOTATION-002,cmp:thy,read,parts/cmp/chapters/thy/read.html,687,projected-formula-0016006,expr-0cf9a00d1baab384,content/computability/computability-theory/k-1.tex,24,7,1,formula-id-exact,"[{""chapter_key"":null,""formula_id"":""projected-formula-0016006"",""normalized_tex"":""K_1 = \\Setabs{e}{\\lexists[s][T(e,0,s)]}"",""source_column"":7,""source_file"":""content/computability/computability-theory/k-1.tex"",""source_ledger"":""data/cmp-thy-semantic/semantic_occurrences.jsonl"",""source_ledger_line"":687,""source_line"":24}]",PENDING_FINAL_PAGINATION,"K_1 = \Setabs{e}{\lexists[s][T(e,0,s)]}",23a29c2637942ebc3f2336529a2b121da571282d38fa1b7b0c1ba2c796432630,ed60bd3830e57f4e7e51bcf239610dafad2985bbea9bb251b69d00792bb9e910
OLAB-EN-A11Y-NOTATION-002,cmp:thy,read,parts/cmp/chapters/thy/read.html,734,projected-formula-0016053,expr-d0e9583fe4b4c63b,content/computability/computability-theory/total.tex,15,1,1,formula-id-exact,"[{""chapter_key"":null,""formula_id"":""projected-formula-0016053"",""normalized_tex"":""\\fn{Tot} = \\Setabs{x}{\\text{for every $y$, $\\cfind{x}(y)\\fdefined$}}."",""source_column"":1,""source_file"":""content/computability/computability-theory/total.tex"",""source_ledger"":""data/cmp-thy-semantic/semantic_occurrences.jsonl"",""source_ledger_line"":734,""source_line"":15}]",PENDING_FINAL_PAGINATION,"\fn{Tot} = \Setabs{x}{\text{for every $y$, $\cfind{x}(y)\fdefined$}}.",7ef5579691d93bcddc77f46b2ae8ac827c624774dc6c2dac136b7806af4949b4,f2ebda1fb09c692dbd9c47517dd68bac2a7800481af2dbcf9458c81287c351b1
OLAB-EN-A11Y-NOTATION-002,cmp:thy,read,parts/cmp/chapters/thy/read.html,774,projected-formula-0016093,expr-3278d314268082cb,content/computability/computability-theory/rice-theorem.tex,24,63,1,formula-id-exact,"[{""chapter_key"":null,""formula_id"":""projected-formula-0016093"",""normalized_tex"":""A = \\Setabs{n}{\\cfind{n} \\in C}"",""source_column"":63,""source_file"":""content/computability/computability-theory/rice-theorem.tex"",""source_ledger"":""data/cmp-thy-semantic/semantic_occurrences.jsonl"",""source_ledger_line"":774,""source_line"":24}]",PENDING_FINAL_PAGINATION,A = \Setabs{n}{\cfind{n} \in C},51bcc0659735c20ebbd1a4c09a173ebc76960da117d6c7edcd8a47893f54771b,d44a363474b18f924ab86cf60b62d257c9c7d679c4a93d735def3c2cec9c378a
OLAB-EN-A11Y-NOTATION-002,cmp:thy,read,parts/cmp/chapters/thy/read.html,787,projected-formula-0016106,expr-3278d314268082cb,content/computability/computability-theory/rice-theorem.tex,35,6,1,formula-id-exact,"[{""chapter_key"":null,""formula_id"":""projected-formula-0016106"",""normalized_tex"":""A = \\Setabs{n}{\\cfind{n} \\in C}"",""source_column"":6,""source_file"":""content/computability/computability-theory/rice-theorem.tex"",""source_ledger"":""data/cmp-thy-semantic/semantic_occurrences.jsonl"",""source_ledger_line"":787,""source_line"":35}]",PENDING_FINAL_PAGINATION,A = \Setabs{n}{\cfind{n} \in C},10a01b243cdfe4ae5151ec8aa9db4d82337e065026a3913ed61ef9437569f64f,bcb30d1749123bee15f7b9b6367944e09e56331b97908111c2390157556c6f15
OLAB-EN-A11Y-NOTATION-002,cmp:thy,read,parts/cmp/chapters/thy/read.html,854,projected-formula-0016173,expr-3ba9dcc1da00e52b,content/computability/computability-theory/rice-theorem.tex,114,7,1,formula-id-exact,"[{""chapter_key"":null,""formula_id"":""projected-formula-0016173"",""normalized_tex"":""\\Setabs{x}{\\text{"",""source_column"":7,""source_file"":""content/computability/computability-theory/rice-theorem.tex"",""source_ledger"":""data/cmp-thy-semantic/semantic_occurrences.jsonl"",""source_ledger_line"":854,""source_line"":114}]",PENDING_FINAL_PAGINATION,\Setabs{x}{17 \in \fn{range}(\cfind{x})},d92a5f6e9e89fec5facf255ca60a1c9dcab37b0ca2d7cb96a007c6cfd6b99466,23cad17c56a5acdf5f883ccf1680ee9b04252da24956de001f63a1f6e712e436
OLAB-EN-A11Y-NOTATION-002,cmp:thy,read,parts/cmp/chapters/thy/read.html,857,projected-formula-0016176,expr-3ba9dcc1da00e52b,content/computability/computability-theory/rice-theorem.tex,115,7,1,formula-id-exact,"[{""chapter_key"":null,""formula_id"":""projected-formula-0016176"",""normalized_tex"":""\\Setabs{x}{\\text{"",""source_column"":7,""source_file"":""content/computability/computability-theory/rice-theorem.tex"",""source_ledger"":""data/cmp-thy-semantic/semantic_occurrences.jsonl"",""source_ledger_line"":857,""source_line"":115}]",PENDING_FINAL_PAGINATION,\Setabs{x}{\fn{Constant}(\cfind{x})},cdf61f4ff42f3fb8abf007572a6079a38fa4d7ca770f285ee6b7098d955ffab8,4ff8c007489ca6049a8f27e69e11463f0d0849417e6b84ed2958d4a99815aa34
OLAB-EN-A11Y-NOTATION-002,cmp:thy,read,parts/cmp/chapters/thy/read.html,859,projected-formula-0016178,expr-3ba9dcc1da00e52b,content/computability/computability-theory/rice-theorem.tex,116,7,1,formula-id-exact,"[{""chapter_key"":null,""formula_id"":""projected-formula-0016178"",""normalized_tex"":""\\Setabs{x}{\\text{"",""source_column"":7,""source_file"":""content/computability/computability-theory/rice-theorem.tex"",""source_ledger"":""data/cmp-thy-semantic/semantic_occurrences.jsonl"",""source_ledger_line"":859,""source_line"":116}]",PENDING_FINAL_PAGINATION,\Setabs{x}{\fn{Total}(\cfind{x})},e0f16a7aac3f285ad4566440e5d45aa46c0f179027ff52b545c03b80dfdb09be,0b658e8e725b74cf99816d64e9c58cc299d03f5d71b822be7bc0a3e60b3e51c5
OLAB-EN-A11Y-NOTATION-002,cmp:thy,read,parts/cmp/chapters/thy/read.html,861,projected-formula-0016180,expr-cf624dace3fec4da,content/computability/computability-theory/rice-theorem.tex,117,7,1,formula-id-exact,"[{""chapter_key"":null,""formula_id"":""projected-formula-0016180"",""normalized_tex"":""\\Setabs{x}{\\text{whenever"",""source_column"":7,""source_file"":""content/computability/computability-theory/rice-theorem.tex"",""source_ledger"":""data/cmp-thy-semantic/semantic_occurrences.jsonl"",""source_ledger_line"":861,""source_line"":117}]",PENDING_FINAL_PAGINATION,\Setabs{x}{\lforall[y][\lforall[y'][((y<y' \land \cfind{x}(y)\fdefined) \land (\cfind{x}(y')\fdefined \lif \cfind{x}(y)<\cfind{x}(y')))]]},5d974a2fae977b6e1750604766553544042a176a2d0d53aac9adb262bf88514f,682dc1a5d0d2c080fff7b2256f4a0850812a6d470aded09b7ba42794853ed3a1
OLAB-EN-A11Y-NOTATION-002,fol:com,explore,parts/fol/chapters/com/explore.html,45,,expr-10983d02e2605acf,content/first-order-logic/completeness/identity.tex,90,1,1,expression-occurrence-set-same-chapter,"[{""chapter_key"":""fol:com"",""formula_id"":""projected-formula-0011734"",""normalized_tex"":""\\equivrep{t}{\\approx} = \\Setabs{t'}{t'\\in \\Trm[L], t \\approx t'}"",""source_column"":1,""source_file"":""content/first-order-logic/completeness/identity.tex"",""source_ledger"":""data/fol-completeness-authority/semantic_occurrences.jsonl"",""source_ledger_line"":530,""source_line"":90}]",PENDING_FINAL_PAGINATION,"\equivrep{t}{\approx} = \Setabs{t'}{t'\in \Trm[L], t \approx t'}",f00c5c95f6ba5f74341cab4ed3b06412f41ee101bcc9fba395b12653f2696c06,bef6ad392db26fb4ccc0693b89778bbd1ff26872d009dda1942f43877fa77173
OLAB-EN-A11Y-NOTATION-002,fol:com,explore,parts/fol/chapters/com/explore.html,46,,expr-10983d02e2605acf,content/first-order-logic/completeness/identity.tex,90,1,1,expression-occurrence-set-same-chapter,"[{""chapter_key"":""fol:com"",""formula_id"":""projected-formula-0011734"",""normalized_tex"":""\\equivrep{t}{\\approx} = \\Setabs{t'}{t'\\in \\Trm[L], t \\approx t'}"",""source_column"":1,""source_file"":""content/first-order-logic/completeness/identity.tex"",""source_ledger"":""data/fol-completeness-authority/semantic_occurrences.jsonl"",""source_ledger_line"":530,""source_line"":90}]",PENDING_FINAL_PAGINATION,"\equivrep{t}{\approx} = \Setabs{t'}{t'\in \Trm[L], t \approx t'}",0d084adf3a41c91f1923ad37fc1169af02078bc5ea8141d2148bb60f6b5c1f48,f700c86a412680051ebfadc1635f003712852f7f1f46d71a565f719dc2fb378f
OLAB-EN-A11Y-NOTATION-002,fol:com,explore,parts/fol/chapters/com/explore.html,155,,expr-404dc5c533499e9c,content/first-order-logic/completeness/identity.tex,93,5,1,expression-occurrence-set-same-chapter,"[{""chapter_key"":""fol:com"",""formula_id"":""projected-formula-0011735"",""normalized_tex"":""\\equivclass{\\Trm[L]}{\\approx} = \\Setabs{\\equivrep{t}{\\approx}}{t \\in \\Trm[L]}"",""source_column"":5,""source_file"":""content/first-order-logic/completeness/identity.tex"",""source_ledger"":""data/fol-completeness-authority/semantic_occurrences.jsonl"",""source_ledger_line"":531,""source_line"":93}]",PENDING_FINAL_PAGINATION,\equivclass{\Trm[L]}{\approx} = \Setabs{\equivrep{t}{\approx}}{t \in \Trm[L]},e9dd480037ae268f2621f2025c635e292083bfcdbd8b2a7dbda9aec133157c38,0a7d655a680853438a56a59e8648fe493ab37723079e96392a0c2bf3cbee3ab6
OLAB-EN-A11Y-NOTATION-002,fol:com,explore,parts/fol/chapters/com/explore.html,156,,expr-404dc5c533499e9c,content/first-order-logic/completeness/identity.tex,93,5,1,expression-occurrence-set-same-chapter,"[{""chapter_key"":""fol:com"",""formula_id"":""projected-formula-0011735"",""normalized_tex"":""\\equivclass{\\Trm[L]}{\\approx} = \\Setabs{\\equivrep{t}{\\approx}}{t \\in \\Trm[L]}"",""source_column"":5,""source_file"":""content/first-order-logic/completeness/identity.tex"",""source_ledger"":""data/fol-completeness-authority/semantic_occurrences.jsonl"",""source_ledger_line"":531,""source_line"":93}]",PENDING_FINAL_PAGINATION,\equivclass{\Trm[L]}{\approx} = \Setabs{\equivrep{t}{\approx}}{t \in \Trm[L]},5bcc5f74037580c043443e8d0221f4d0392029fe143ee8feac41b85b4ebfc93b,7ca08ff1b078fdfae66084683ff8d3bfb3234e296060e9bbb0d5b3caa97fa30d
OLAB-EN-A11Y-NOTATION-001,fol:com,explore,parts/fol/chapters/com/explore.html,157,,expr-428890bacf44ce4f,content/first-order-logic/completeness/construction-of-model.tex,21,35,3,expression-occurrence-set-same-chapter,"[{""chapter_key"":""fol:com"",""formula_id"":""projected-formula-0011569"",""normalized_tex"":""\\Lang{L'}"",""source_column"":35,""source_file"":""content/first-order-logic/completeness/construction-of-model.tex"",""source_ledger"":""data/fol-completeness-authority/semantic_occurrences.jsonl"",""source_ledger_line"":365,""source_line"":21},{""chapter_key"":""fol:com"",""formula_id"":""projected-formula-0011447"",""normalized_tex"":""\\Lang{L'}"",""source_column"":23,""source_file"":""content/first-order-logic/completeness/henkin-expansions.tex"",""source_ledger"":""data/fol-completeness-authority/semantic_occurrences.jsonl"",""source_ledger_line"":243,""source_line"":79},{""chapter_key"":""fol:com"",""formula_id"":""projected-formula-0011466"",""normalized_tex"":""\\Lang{L'}"",""source_column"":38,""source_file"":""content/first-order-logic/completeness/henkin-expansions.tex"",""source_ledger"":""data/fol-completeness-authority/semantic_occurrences.jsonl"",""source_ledger_line"":262,""source_line"":101}]",PENDING_FINAL_PAGINATION,\Lang{L'},953812cd00c2c94344ee761c1b75d346cf4ffa6a0ae82b4097f2c759e4cfe5a9,e78d1538d20e10bab1c1aa5db020dfa428498a605a3cc7327c54189fd46cecb2
OLAB-EN-A11Y-NOTATION-001,fol:com,explore,parts/fol/chapters/com/explore.html,158,,expr-428890bacf44ce4f,content/first-order-logic/completeness/construction-of-model.tex,21,35,3,expression-occurrence-set-same-chapter,"[{""chapter_key"":""fol:com"",""formula_id"":""projected-formula-0011569"",""normalized_tex"":""\\Lang{L'}"",""source_column"":35,""source_file"":""content/first-order-logic/completeness/construction-of-model.tex"",""source_ledger"":""data/fol-completeness-authority/semantic_occurrences.jsonl"",""source_ledger_line"":365,""source_line"":21},{""chapter_key"":""fol:com"",""formula_id"":""projected-formula-0011447"",""normalized_tex"":""\\Lang{L'}"",""source_column"":23,""source_file"":""content/first-order-logic/completeness/henkin-expansions.tex"",""source_ledger"":""data/fol-completeness-authority/semantic_occurrences.jsonl"",""source_ledger_line"":243,""source_line"":79},{""chapter_key"":""fol:com"",""formula_id"":""projected-formula-0011466"",""normalized_tex"":""\\Lang{L'}"",""source_column"":38,""source_file"":""content/first-order-logic/completeness/henkin-expansions.tex"",""source_ledger"":""data/fol-completeness-authority/semantic_occurrences.jsonl"",""source_ledger_line"":262,""source_line"":101}]",PENDING_FINAL_PAGINATION,\Lang{L'},04ec61d4cb35ceb33dfe5bd9b3ce7405304beb30bed4509a326132a95980bc77,8d5330a363f028d283edf4fbda13bb25b30a6d6083d1d2cf0acab2185acfe62e
OLAB-EN-A11Y-NOTATION-002,fol:com,explore,parts/fol/chapters/com/explore.html,163,,expr-43276fedef135e98,content/first-order-logic/completeness/compactness.tex,102,3,1,expression-occurrence-set-same-chapter,"[{""chapter_key"":""fol:com"",""formula_id"":""projected-formula-0011863"",""normalized_tex"":""\\Delta = \\Setabs{\\eq/[c][t]}{t \\in \\Trm[L]}."",""source_column"":3,""source_file"":""content/first-order-logic/completeness/compactness.tex"",""source_ledger"":""data/fol-completeness-authority/semantic_occurrences.jsonl"",""source_ledger_line"":659,""source_line"":102}]",PENDING_FINAL_PAGINATION,\Delta = \Setabs{\eq/[c][t]}{t \in \Trm[L]}.,489272a1905c7061f77526a2bce9ca37b649b6b731d303538e0e3c364f3269f7,5f3600bf0398eda73c2ff8a1383bf4e2d3ad9a2f5dc1067d827072f0c9693d4d
OLAB-EN-A11Y-NOTATION-002,fol:com,explore,parts/fol/chapters/com/explore.html,164,,expr-43276fedef135e98,content/first-order-logic/completeness/compactness.tex,102,3,1,expression-occurrence-set-same-chapter,"[{""chapter_key"":""fol:com"",""formula_id"":""projected-formula-0011863"",""normalized_tex"":""\\Delta = \\Setabs{\\eq/[c][t]}{t \\in \\Trm[L]}."",""source_column"":3,""source_file"":""content/first-order-logic/completeness/compactness.tex"",""source_ledger"":""data/fol-completeness-authority/semantic_occurrences.jsonl"",""source_ledger_line"":659,""source_line"":102}]",PENDING_FINAL_PAGINATION,\Delta = \Setabs{\eq/[c][t]}{t \in \Trm[L]}.,330c894ee63fae639d8a9018d29d7820a1e2e9b8a38a48ea40cb550edceff5fc,0764b2fedb650139e442cc22b061ab3a39f9097fc28d7620a2bd7ec709e1939d
OLAB-EN-A11Y-NOTATION-002,fol:com,explore,parts/fol/chapters/com/explore.html,171,,expr-4984cbf440f49af7,content/first-order-logic/completeness/compactness.tex,139,1,1,expression-occurrence-set-same-chapter,"[{""chapter_key"":""fol:com"",""formula_id"":""projected-formula-0011917"",""normalized_tex"":""\\{\\Obj{0} < c\\} \\cup \\Setabs{ c \\times \\num k < \\Obj{1} }{k \\in \\PosInt}"",""source_column"":1,""source_file"":""content/first-order-logic/completeness/compactness.tex"",""source_ledger"":""data/fol-completeness-authority/semantic_occurrences.jsonl"",""source_ledger_line"":713,""source_line"":139}]",PENDING_FINAL_PAGINATION,\{\Obj{0} < c\} \cup \Setabs{ c \times \num k < \Obj{1} }{k \in \PosInt},1763fb19e754404e041ac06827a6f6d205ceacf6786568861a4c7b3fdc94e0ab,55f67e65e91834b142de7b2876b4aaeb3178782faf1ec6786fad6f548c9b3ed6
OLAB-EN-A11Y-NOTATION-002,fol:com,explore,parts/fol/chapters/com/explore.html,172,,expr-4984cbf440f49af7,content/first-order-logic/completeness/compactness.tex,139,1,1,expression-occurrence-set-same-chapter,"[{""chapter_key"":""fol:com"",""formula_id"":""projected-formula-0011917"",""normalized_tex"":""\\{\\Obj{0} < c\\} \\cup \\Setabs{ c \\times \\num k < \\Obj{1} }{k \\in \\PosInt}"",""source_column"":1,""source_file"":""content/first-order-logic/completeness/compactness.tex"",""source_ledger"":""data/fol-completeness-authority/semantic_occurrences.jsonl"",""source_ledger_line"":713,""source_line"":139}]",PENDING_FINAL_PAGINATION,\{\Obj{0} < c\} \cup \Setabs{ c \times \num k < \Obj{1} }{k \in \PosInt},6e2bd9ae2936d8e5ceb2d5e775ca549a6d4a8bdc8db3a1ccd6ca680b8e4404c4,44d06ccab5aa492f2d8483b6a214079ad3db77b95920da3fb80383c0d8aa2961
OLAB-EN-A11Y-NOTATION-002,fol:com,explore,parts/fol/chapters/com/explore.html,487,,expr-cf8d1c351634524e,content/first-order-logic/completeness/compactness.tex,176,3,1,expression-occurrence-set-same-chapter,"[{""chapter_key"":""fol:com"",""formula_id"":""projected-formula-0011951"",""normalized_tex"":""\\Delta = \\Setabs{!A_{\\ge n}}{n \\ge 1}"",""source_column"":3,""source_file"":""content/first-order-logic/completeness/compactness.tex"",""source_ledger"":""data/fol-completeness-authority/semantic_occurrences.jsonl"",""source_ledger_line"":747,""source_line"":176}]",PENDING_FINAL_PAGINATION,\Delta = \Setabs{!A_{\ge n}}{n \ge 1},b67d28fbf421bc6feed570cd61918587208aa7941c56ce465e596387cc605a6c,4e7a0ea25f37d9ecbff53ae081d220300810ee74ad9ba98c028d7be5f1d23a2f
OLAB-EN-A11Y-NOTATION-002,fol:com,explore,parts/fol/chapters/com/explore.html,488,,expr-cf8d1c351634524e,content/first-order-logic/completeness/compactness.tex,176,3,1,expression-occurrence-set-same-chapter,"[{""chapter_key"":""fol:com"",""formula_id"":""projected-formula-0011951"",""normalized_tex"":""\\Delta = \\Setabs{!A_{\\ge n}}{n \\ge 1}"",""source_column"":3,""source_file"":""content/first-order-logic/completeness/compactness.tex"",""source_ledger"":""data/fol-completeness-authority/semantic_occurrences.jsonl"",""source_ledger_line"":747,""source_line"":176}]",PENDING_FINAL_PAGINATION,\Delta = \Setabs{!A_{\ge n}}{n \ge 1},7e1c5c93dbaca549ecf0bf10e3de1c5acd9668ed4e93de4ec1766ad385d8398a,a02c6d929ed3e2818a506a3aada9c4b6b3aa388b57a944a948f87766db6b2101
OLAB-EN-A11Y-NOTATION-001,fol:com,read,parts/fol/chapters/com/read.html,243,projected-formula-0011447,expr-428890bacf44ce4f,content/first-order-logic/completeness/henkin-expansions.tex,79,23,1,formula-id-exact,"[{""chapter_key"":""fol:com"",""formula_id"":""projected-formula-0011447"",""normalized_tex"":""\\Lang{L'}"",""source_column"":23,""source_file"":""content/first-order-logic/completeness/henkin-expansions.tex"",""source_ledger"":""data/fol-completeness-authority/semantic_occurrences.jsonl"",""source_ledger_line"":243,""source_line"":79}]",PENDING_FINAL_PAGINATION,\Lang{L'},a9a601132b79ae646ad3eb5b11270f29252652e327185e8b871b2bd4b87c2776,24dd7f9bdd01ce80f407654b14c2feb9e5c145b84b7a8a66cd0bae3ebf7dfdaa
OLAB-EN-A11Y-NOTATION-001,fol:com,read,parts/fol/chapters/com/read.html,262,projected-formula-0011466,expr-428890bacf44ce4f,content/first-order-logic/completeness/henkin-expansions.tex,101,38,1,formula-id-exact,"[{""chapter_key"":""fol:com"",""formula_id"":""projected-formula-0011466"",""normalized_tex"":""\\Lang{L'}"",""source_column"":38,""source_file"":""content/first-order-logic/completeness/henkin-expansions.tex"",""source_ledger"":""data/fol-completeness-authority/semantic_occurrences.jsonl"",""source_ledger_line"":262,""source_line"":101}]",PENDING_FINAL_PAGINATION,\Lang{L'},8cffea3735befc7dfcb6fb84b3a2ddc91a398c6c0a3ec94307230154cc7a5fa9,6591a1811a0b0760541aad80bb72938be59a7990f4e9ff1b35286d9e15648993
OLAB-EN-A11Y-NOTATION-001,fol:com,read,parts/fol/chapters/com/read.html,365,projected-formula-0011569,expr-428890bacf44ce4f,content/first-order-logic/completeness/construction-of-model.tex,21,35,1,formula-id-exact,"[{""chapter_key"":""fol:com"",""formula_id"":""projected-formula-0011569"",""normalized_tex"":""\\Lang{L'}"",""source_column"":35,""source_file"":""content/first-order-logic/completeness/construction-of-model.tex"",""source_ledger"":""data/fol-completeness-authority/semantic_occurrences.jsonl"",""source_ledger_line"":365,""source_line"":21}]",PENDING_FINAL_PAGINATION,\Lang{L'},caf4bd7dbee2c350c61865c72829d039d0df7f6b6de8242db123da496ddc0229,fe4feb31ba7720f878fe92754363cfb62357bca875ccaf4b80ad6cdda2b830eb
OLAB-EN-A11Y-NOTATION-002,fol:com,read,parts/fol/chapters/com/read.html,530,projected-formula-0011734,expr-10983d02e2605acf,content/first-order-logic/completeness/identity.tex,90,1,1,formula-id-exact,"[{""chapter_key"":""fol:com"",""formula_id"":""projected-formula-0011734"",""normalized_tex"":""\\equivrep{t}{\\approx} = \\Setabs{t'}{t'\\in \\Trm[L], t \\approx t'}"",""source_column"":1,""source_file"":""content/first-order-logic/completeness/identity.tex"",""source_ledger"":""data/fol-completeness-authority/semantic_occurrences.jsonl"",""source_ledger_line"":530,""source_line"":90}]",PENDING_FINAL_PAGINATION,"\equivrep{t}{\approx} = \Setabs{t'}{t'\in \Trm[L], t \approx t'}",5d0df071af69df78f39ce869cbc49eb256c99d993a483e07910fb16607320684,175e39a39906f6b13ce1f15d041222ce04bdc643acd31d174ff7fb1aa95710ff
OLAB-EN-A11Y-NOTATION-002,fol:com,read,parts/fol/chapters/com/read.html,531,projected-formula-0011735,expr-404dc5c533499e9c,content/first-order-logic/completeness/identity.tex,93,5,1,formula-id-exact,"[{""chapter_key"":""fol:com"",""formula_id"":""projected-formula-0011735"",""normalized_tex"":""\\equivclass{\\Trm[L]}{\\approx} = \\Setabs{\\equivrep{t}{\\approx}}{t \\in \\Trm[L]}"",""source_column"":5,""source_file"":""content/first-order-logic/completeness/identity.tex"",""source_ledger"":""data/fol-completeness-authority/semantic_occurrences.jsonl"",""source_ledger_line"":531,""source_line"":93}]",PENDING_FINAL_PAGINATION,\equivclass{\Trm[L]}{\approx} = \Setabs{\equivrep{t}{\approx}}{t \in \Trm[L]},0a578eef455bd45b305bd261a6b280095bc78769a896bd5fc487c173fbbea99e,c3dac0d54646811162c6be496c1aa8b142f86c6f80e55f0888c2d2908f605729
OLAB-EN-A11Y-NOTATION-002,fol:com,read,parts/fol/chapters/com/read.html,659,projected-formula-0011863,expr-43276fedef135e98,content/first-order-logic/completeness/compactness.tex,102,3,1,formula-id-exact,"[{""chapter_key"":""fol:com"",""formula_id"":""projected-formula-0011863"",""normalized_tex"":""\\Delta = \\Setabs{\\eq/[c][t]}{t \\in \\Trm[L]}."",""source_column"":3,""source_file"":""content/first-order-logic/completeness/compactness.tex"",""source_ledger"":""data/fol-completeness-authority/semantic_occurrences.jsonl"",""source_ledger_line"":659,""source_line"":102}]",PENDING_FINAL_PAGINATION,\Delta = \Setabs{\eq/[c][t]}{t \in \Trm[L]}.,3ad52aedf82bd5fe706b9d8ee216beb310f5dc06480981ee062b38170bbfce1c,6642b6ea8a5a16fe324e468b989b2a0618c7b9dda5974adf9f7bcd02cf3b5b3c
OLAB-EN-A11Y-NOTATION-002,fol:com,read,parts/fol/chapters/com/read.html,713,projected-formula-0011917,expr-4984cbf440f49af7,content/first-order-logic/completeness/compactness.tex,139,1,1,formula-id-exact,"[{""chapter_key"":""fol:com"",""formula_id"":""projected-formula-0011917"",""normalized_tex"":""\\{\\Obj{0} < c\\} \\cup \\Setabs{ c \\times \\num k < \\Obj{1} }{k \\in \\PosInt}"",""source_column"":1,""source_file"":""content/first-order-logic/completeness/compactness.tex"",""source_ledger"":""data/fol-completeness-authority/semantic_occurrences.jsonl"",""source_ledger_line"":713,""source_line"":139}]",PENDING_FINAL_PAGINATION,\{\Obj{0} < c\} \cup \Setabs{ c \times \num k < \Obj{1} }{k \in \PosInt},d7aacadb0b03f87bb216f7285fd4989cc7b6dc53d4ccd355732c91df23dbf76a,79b9f3fb327da2357ae2e196370ed0e23eb96302185bfb01748a409941cbe41c
OLAB-EN-A11Y-NOTATION-002,fol:com,read,parts/fol/chapters/com/read.html,747,projected-formula-0011951,expr-cf8d1c351634524e,content/first-order-logic/completeness/compactness.tex,176,3,1,formula-id-exact,"[{""chapter_key"":""fol:com"",""formula_id"":""projected-formula-0011951"",""normalized_tex"":""\\Delta = \\Setabs{!A_{\\ge n}}{n \\ge 1}"",""source_column"":3,""source_file"":""content/first-order-logic/completeness/compactness.tex"",""source_ledger"":""data/fol-completeness-authority/semantic_occurrences.jsonl"",""source_ledger_line"":747,""source_line"":176}]",PENDING_FINAL_PAGINATION,\Delta = \Setabs{!A_{\ge n}}{n \ge 1},33211012590c9ef103a1b27a475d6f125ee1ae2c9de41e5822ea1a9d9877c5c5,78f6b52c34d256778142e90c3a459dddc512b8ddcb51f95f240426c7478cb049
OLAB-EN-A11Y-NOTATION-003,fol:tab,explore,parts/fol/chapters/tab/explore.html,13,,expr-095efa74a5a00b7a,content/first-order-logic/tableaux/soundness-identity.tex,40,1,1,expression-occurrence-set-same-chapter,"[{""chapter_key"":""fol:tab"",""formula_id"":""projected-formula-0010727"",""normalized_tex"":""\\Sat{M}{!A(t_2)}[s]"",""source_column"":1,""source_file"":""content/first-order-logic/tableaux/soundness-identity.tex"",""source_ledger"":""data/fol-tableaux-semantic/semantic_occurrences.jsonl"",""source_ledger_line"":587,""source_line"":40}]",PENDING_FINAL_PAGINATION,\Sat{M}{!A(t_2)}[s],e59d8bc18a46e53adeb3f0673d4d32158284634eed260244fdb61a0655a3591d,3e9d0ce1e3fd9339296c0631fd398e5b731e349eb46314e3a076fafe799c8218
OLAB-EN-A11Y-NOTATION-003,fol:tab,explore,parts/fol/chapters/tab/explore.html,14,,expr-095efa74a5a00b7a,content/first-order-logic/tableaux/soundness-identity.tex,40,1,1,expression-occurrence-set-same-chapter,"[{""chapter_key"":""fol:tab"",""formula_id"":""projected-formula-0010727"",""normalized_tex"":""\\Sat{M}{!A(t_2)}[s]"",""source_column"":1,""source_file"":""content/first-order-logic/tableaux/soundness-identity.tex"",""source_ledger"":""data/fol-tableaux-semantic/semantic_occurrences.jsonl"",""source_ledger_line"":587,""source_line"":40}]",PENDING_FINAL_PAGINATION,\Sat{M}{!A(t_2)}[s],72b738433ebca9ec1f32e8513b8b0ced37f6cde50e45eb67a85dc0ed7c81bd9f,54f5958aedcc9fe3ed5353d5b9e81bf2a14e90d2ee6e628ddbad2d0b83acea4b
OLAB-EN-A11Y-NOTATION-003,fol:tab,explore,parts/fol/chapters/tab/explore.html,101,,expr-36bc3fd16f7e16f4,content/first-order-logic/tableaux/soundness.tex,153,40,1,expression-occurrence-set-same-chapter,"[{""chapter_key"":""fol:tab"",""formula_id"":""projected-formula-0010598"",""normalized_tex"":""\\Sat/{M'}{!A(a)}[s]"",""source_column"":40,""source_file"":""content/first-order-logic/tableaux/soundness.tex"",""source_ledger"":""data/fol-tableaux-semantic/semantic_occurrences.jsonl"",""source_ledger_line"":458,""source_line"":153}]",PENDING_FINAL_PAGINATION,\Sat/{M'}{!A(a)}[s],092415cc531b27504c51f15a98a804705fa739b75b3e303703f5b5fefc422157,afc4e20ef4ad647ec532f4c78835afc3eab21973bed0642f304e247148d9ef26
OLAB-EN-A11Y-NOTATION-003,fol:tab,explore,parts/fol/chapters/tab/explore.html,102,,expr-36bc3fd16f7e16f4,content/first-order-logic/tableaux/soundness.tex,153,40,1,expression-occurrence-set-same-chapter,"[{""chapter_key"":""fol:tab"",""formula_id"":""projected-formula-0010598"",""normalized_tex"":""\\Sat/{M'}{!A(a)}[s]"",""source_column"":40,""source_file"":""content/first-order-logic/tableaux/soundness.tex"",""source_ledger"":""data/fol-tableaux-semantic/semantic_occurrences.jsonl"",""source_ledger_line"":458,""source_line"":153}]",PENDING_FINAL_PAGINATION,\Sat/{M'}{!A(a)}[s],963e2cc439da414947110a0915f14a7ea678fa6bfe1bd0a2cc9c5b5cfdc7e1f2,856baab64dce057dd34b9f237ca2718ac58c5889fd5f0d0d7f76276601f48248
OLAB-EN-A11Y-NOTATION-003,fol:tab,explore,parts/fol/chapters/tab/explore.html,361,,expr-af94206bef0a0365,content/first-order-logic/tableaux/soundness-identity.tex,35,43,1,expression-occurrence-set-same-chapter,"[{""chapter_key"":""fol:tab"",""formula_id"":""projected-formula-0010721"",""normalized_tex"":""\\Sat{M}{!A(t_1)}[s]"",""source_column"":43,""source_file"":""content/first-order-logic/tableaux/soundness-identity.tex"",""source_ledger"":""data/fol-tableaux-semantic/semantic_occurrences.jsonl"",""source_ledger_line"":581,""source_line"":35}]",PENDING_FINAL_PAGINATION,\Sat{M}{!A(t_1)}[s],39b416d4510ea43cfc2195f9bcaf97c21afe403911379d4b97716b1982f74952,4d2fdd456548d1b06335d8a3e765131af1196543819158319dd55ad56815c888
OLAB-EN-A11Y-NOTATION-003,fol:tab,explore,parts/fol/chapters/tab/explore.html,362,,expr-af94206bef0a0365,content/first-order-logic/tableaux/soundness-identity.tex,35,43,1,expression-occurrence-set-same-chapter,"[{""chapter_key"":""fol:tab"",""formula_id"":""projected-formula-0010721"",""normalized_tex"":""\\Sat{M}{!A(t_1)}[s]"",""source_column"":43,""source_file"":""content/first-order-logic/tableaux/soundness-identity.tex"",""source_ledger"":""data/fol-tableaux-semantic/semantic_occurrences.jsonl"",""source_ledger_line"":581,""source_line"":35}]",PENDING_FINAL_PAGINATION,\Sat{M}{!A(t_1)}[s],0f3c7fd7380bbccee072c7c3bdab45d51f97824ef844d1b4a58871911278ba10,de4ee1391715e1e88f87d5683f6dedb1a2e2d1ff3e1963e235fc29e4ef568f87
OLAB-EN-A11Y-NOTATION-003,fol:tab,explore,parts/fol/chapters/tab/explore.html,401,,expr-c289961a0b91db96,content/first-order-logic/tableaux/soundness-identity.tex,37,1,1,expression-occurrence-set-same-chapter,"[{""chapter_key"":""fol:tab"",""formula_id"":""projected-formula-0010723"",""normalized_tex"":""\\Sat{M}{!A(x)}[s]"",""source_column"":1,""source_file"":""content/first-order-logic/tableaux/soundness-identity.tex"",""source_ledger"":""data/fol-tableaux-semantic/semantic_occurrences.jsonl"",""source_ledger_line"":583,""source_line"":37}]",PENDING_FINAL_PAGINATION,\Sat{M}{!A(x)}[s],de99760a7e2ebd873968e71759478fbb9ebd2596795833b7946b2d94c078b6ec,c89855bfe3c327deb3d8ecb966118988ce8a6ca90b0d1aaf5c1a31cd38fe309a
OLAB-EN-A11Y-NOTATION-003,fol:tab,explore,parts/fol/chapters/tab/explore.html,402,,expr-c289961a0b91db96,content/first-order-logic/tableaux/soundness-identity.tex,37,1,1,expression-occurrence-set-same-chapter,"[{""chapter_key"":""fol:tab"",""formula_id"":""projected-formula-0010723"",""normalized_tex"":""\\Sat{M}{!A(x)}[s]"",""source_column"":1,""source_file"":""content/first-order-logic/tableaux/soundness-identity.tex"",""source_ledger"":""data/fol-tableaux-semantic/semantic_occurrences.jsonl"",""source_ledger_line"":583,""source_line"":37}]",PENDING_FINAL_PAGINATION,\Sat{M}{!A(x)}[s],2e2976836d9322ba010638127b2c5ed902bcc6866017cac6145787b243ec66ac,4c53256547daf4e26b2f9b090ef01c026f433e544f254b33721d70cca5c50cc9
OLAB-EN-A11Y-NOTATION-003,fol:tab,explore,parts/fol/chapters/tab/explore.html,413,,expr-c9f5c7d2513a722b,content/first-order-logic/tableaux/soundness.tex,152,45,1,expression-occurrence-set-same-chapter,"[{""chapter_key"":""fol:tab"",""formula_id"":""projected-formula-0010597"",""normalized_tex"":""\\Sat/{M'}{!A(x)}[s]"",""source_column"":45,""source_file"":""content/first-order-logic/tableaux/soundness.tex"",""source_ledger"":""data/fol-tableaux-semantic/semantic_occurrences.jsonl"",""source_ledger_line"":457,""source_line"":152}]",PENDING_FINAL_PAGINATION,\Sat/{M'}{!A(x)}[s],87d752e843e3b8ad49533b709e37d3cab322ca9a2e9851d76c5b191e93ba49e8,b77cbef13d886d63d2be20a922049df19d0efb47754025c52e32cf3e3497ec78
OLAB-EN-A11Y-NOTATION-003,fol:tab,explore,parts/fol/chapters/tab/explore.html,414,,expr-c9f5c7d2513a722b,content/first-order-logic/tableaux/soundness.tex,152,45,1,expression-occurrence-set-same-chapter,"[{""chapter_key"":""fol:tab"",""formula_id"":""projected-formula-0010597"",""normalized_tex"":""\\Sat/{M'}{!A(x)}[s]"",""source_column"":45,""source_file"":""content/first-order-logic/tableaux/soundness.tex"",""source_ledger"":""data/fol-tableaux-semantic/semantic_occurrences.jsonl"",""source_ledger_line"":457,""source_line"":152}]",PENDING_FINAL_PAGINATION,\Sat/{M'}{!A(x)}[s],72aab8d9d4796683d99fc2e6ae4515dd766d5f4c31828b53596f58cf4c48bc72,e6b881435b7298ac0e05d73c7ef109e449149081f66cf09084cd861f5c3468e1
OLAB-EN-A11Y-NOTATION-003,fol:tab,explore,parts/fol/chapters/tab/explore.html,461,,expr-ddc84d3c05dc0332,content/first-order-logic/tableaux/soundness.tex,145,21,1,expression-occurrence-set-same-chapter,"[{""chapter_key"":""fol:tab"",""formula_id"":""projected-formula-0010587"",""normalized_tex"":""\\Sat/{M}{!B(x)}[s]"",""source_column"":21,""source_file"":""content/first-order-logic/tableaux/soundness.tex"",""source_ledger"":""data/fol-tableaux-semantic/semantic_occurrences.jsonl"",""source_ledger_line"":447,""source_line"":145}]",PENDING_FINAL_PAGINATION,\Sat/{M}{!B(x)}[s],1f924698fba957c72be9ac888b70ca46864b4c88e9b5da97edb735c0afd7937a,e3c8a8218c4dd9239062796dc54494df97e1618a6e8bf4148ecfe5777a94cdba
OLAB-EN-A11Y-NOTATION-003,fol:tab,explore,parts/fol/chapters/tab/explore.html,462,,expr-ddc84d3c05dc0332,content/first-order-logic/tableaux/soundness.tex,145,21,1,expression-occurrence-set-same-chapter,"[{""chapter_key"":""fol:tab"",""formula_id"":""projected-formula-0010587"",""normalized_tex"":""\\Sat/{M}{!B(x)}[s]"",""source_column"":21,""source_file"":""content/first-order-logic/tableaux/soundness.tex"",""source_ledger"":""data/fol-tableaux-semantic/semantic_occurrences.jsonl"",""source_ledger_line"":447,""source_line"":145}]",PENDING_FINAL_PAGINATION,\Sat/{M}{!B(x)}[s],f4f5ff5de96ee696c5a08e68fd2100ff44b6e0f7880b5bbf6f4815c895ced5d0,63e9acca744b48282610e1116b47ecbb1f157da878bd768321cff40773c924a2
OLAB-EN-A11Y-NOTATION-003,fol:tab,read,parts/fol/chapters/tab/read.html,447,projected-formula-0010587,expr-ddc84d3c05dc0332,content/first-order-logic/tableaux/soundness.tex,145,21,1,formula-id-exact,"[{""chapter_key"":""fol:tab"",""formula_id"":""projected-formula-0010587"",""normalized_tex"":""\\Sat/{M}{!B(x)}[s]"",""source_column"":21,""source_file"":""content/first-order-logic/tableaux/soundness.tex"",""source_ledger"":""data/fol-tableaux-semantic/semantic_occurrences.jsonl"",""source_ledger_line"":447,""source_line"":145}]",PENDING_FINAL_PAGINATION,\Sat/{M}{!B(x)}[s],e48379ff36eb6bca20fda97f38eef3431cdc6fc7c72e507893aa5ade12f8ba6a,b4090b601beae13fc988933f7c1ffb64af1c44b5679a141a3fae515e8b752cc5
OLAB-EN-A11Y-NOTATION-003,fol:tab,read,parts/fol/chapters/tab/read.html,457,projected-formula-0010597,expr-c9f5c7d2513a722b,content/first-order-logic/tableaux/soundness.tex,152,45,1,formula-id-exact,"[{""chapter_key"":""fol:tab"",""formula_id"":""projected-formula-0010597"",""normalized_tex"":""\\Sat/{M'}{!A(x)}[s]"",""source_column"":45,""source_file"":""content/first-order-logic/tableaux/soundness.tex"",""source_ledger"":""data/fol-tableaux-semantic/semantic_occurrences.jsonl"",""source_ledger_line"":457,""source_line"":152}]",PENDING_FINAL_PAGINATION,\Sat/{M'}{!A(x)}[s],6b6c1d7157ff2a4a96f1a987c6eecf0793127e4ee9a49199ec69ad9aeb687c86,697a5f299555ee8a1775da4673762af111cda7002d5f49c6e0417e022a505550
OLAB-EN-A11Y-NOTATION-003,fol:tab,read,parts/fol/chapters/tab/read.html,458,projected-formula-0010598,expr-36bc3fd16f7e16f4,content/first-order-logic/tableaux/soundness.tex,153,40,1,formula-id-exact,"[{""chapter_key"":""fol:tab"",""formula_id"":""projected-formula-0010598"",""normalized_tex"":""\\Sat/{M'}{!A(a)}[s]"",""source_column"":40,""source_file"":""content/first-order-logic/tableaux/soundness.tex"",""source_ledger"":""data/fol-tableaux-semantic/semantic_occurrences.jsonl"",""source_ledger_line"":458,""source_line"":153}]",PENDING_FINAL_PAGINATION,\Sat/{M'}{!A(a)}[s],d37e111ab9b874cf7704aedc37ac4b72e8e8456b49d0fda1f71dbde03c1b8e2c,3781ea5a7e67bfafe741a77f13b451a65058fa22742e4a940864ddf787f8aeac
OLAB-EN-A11Y-NOTATION-003,fol:tab,read,parts/fol/chapters/tab/read.html,581,projected-formula-0010721,expr-af94206bef0a0365,content/first-order-logic/tableaux/soundness-identity.tex,35,43,1,formula-id-exact,"[{""chapter_key"":""fol:tab"",""formula_id"":""projected-formula-0010721"",""normalized_tex"":""\\Sat{M}{!A(t_1)}[s]"",""source_column"":43,""source_file"":""content/first-order-logic/tableaux/soundness-identity.tex"",""source_ledger"":""data/fol-tableaux-semantic/semantic_occurrences.jsonl"",""source_ledger_line"":581,""source_line"":35}]",PENDING_FINAL_PAGINATION,\Sat{M}{!A(t_1)}[s],7b0014fab26313ac621dbac9cd75ce5b4bd36bb05914aa1790af14f466f19cce,b0d33e718b7815f76683fd90de22aa89c4284dee732f1a7cfe63361eab3500b5
OLAB-EN-A11Y-NOTATION-003,fol:tab,read,parts/fol/chapters/tab/read.html,583,projected-formula-0010723,expr-c289961a0b91db96,content/first-order-logic/tableaux/soundness-identity.tex,37,1,1,formula-id-exact,"[{""chapter_key"":""fol:tab"",""formula_id"":""projected-formula-0010723"",""normalized_tex"":""\\Sat{M}{!A(x)}[s]"",""source_column"":1,""source_file"":""content/first-order-logic/tableaux/soundness-identity.tex"",""source_ledger"":""data/fol-tableaux-semantic/semantic_occurrences.jsonl"",""source_ledger_line"":583,""source_line"":37}]",PENDING_FINAL_PAGINATION,\Sat{M}{!A(x)}[s],68d833a4e3e60fc64a7013dbe69b7c91680d6f0210254b0cdf4df95531c1b207,eede891757222b17e831a9a9d6af39c491d1d523f6f38eadb1d3cc1c46938ca5
OLAB-EN-A11Y-NOTATION-003,fol:tab,read,parts/fol/chapters/tab/read.html,587,projected-formula-0010727,expr-095efa74a5a00b7a,content/first-order-logic/tableaux/soundness-identity.tex,40,1,1,formula-id-exact,"[{""chapter_key"":""fol:tab"",""formula_id"":""projected-formula-0010727"",""normalized_tex"":""\\Sat{M}{!A(t_2)}[s]"",""source_column"":1,""source_file"":""content/first-order-logic/tableaux/soundness-identity.tex"",""source_ledger"":""data/fol-tableaux-semantic/semantic_occurrences.jsonl"",""source_ledger_line"":587,""source_line"":40}]",PENDING_FINAL_PAGINATION,\Sat{M}{!A(t_2)}[s],24ddc426622008dbdae3b6aa81a3c8484ce03239e9cf853f979280a310b9e6c6,c5f2d6424a382c0987f54d6ae7adc8d5eb47d18b5a2c443e5fb8924a97f74980
OLAB-EN-A11Y-NOTATION-002,mod:bas,explore,parts/mod/chapters/bas/explore.html,47,,expr-2821610b26819213,content/model-theory/basics/theory-of-m.tex,21,40,1,expression-occurrence-set-same-chapter,"[{""chapter_key"":""mod:bas"",""formula_id"":""projected-formula-0012555"",""normalized_tex"":""\\Theory{M} = \\Setabs{!A}{\\Sat{M}{!A}}"",""source_column"":40,""source_file"":""content/model-theory/basics/theory-of-m.tex"",""source_ledger"":""data/mod-bas-semantic/semantic_occurrences.jsonl"",""source_ledger_line"":116,""source_line"":21}]",PENDING_FINAL_PAGINATION,\Theory{M} = \Setabs{!A}{\Sat{M}{!A}},1b8a47a008de3b41e836b5d7d59d939db74b78dcd91eda1d4d1cf1a94fc32df2,ee293925cc557f8204ebcbf03545e0e9fa8e014e6ee935546702291a0823ca55
OLAB-EN-A11Y-NOTATION-001,mod:bas,explore,parts/mod/chapters/bas/explore.html,63,,expr-428890bacf44ce4f,content/model-theory/basics/reducts-and-expansions.tex,15,32,4,expression-occurrence-set-same-chapter,"[{""chapter_key"":""mod:bas"",""formula_id"":""projected-formula-0012371"",""normalized_tex"":""\\Lang{L'}"",""source_column"":32,""source_file"":""content/model-theory/basics/reducts-and-expansions.tex"",""source_ledger"":""data/mod-bas-semantic/semantic_occurrences.jsonl"",""source_ledger_line"":138,""source_line"":15},{""chapter_key"":""mod:bas"",""formula_id"":""projected-formula-0012375"",""normalized_tex"":""\\Lang{L'}"",""source_column"":19,""source_file"":""content/model-theory/basics/reducts-and-expansions.tex"",""source_ledger"":""data/mod-bas-semantic/semantic_occurrences.jsonl"",""source_ledger_line"":139,""source_line"":17},{""chapter_key"":""mod:bas"",""formula_id"":""projected-formula-0012376"",""normalized_tex"":""\\Lang{L'}"",""source_column"":1,""source_file"":""content/model-theory/basics/reducts-and-expansions.tex"",""source_ledger"":""data/mod-bas-semantic/semantic_occurrences.jsonl"",""source_ledger_line"":140,""source_line"":20},{""chapter_key"":""mod:bas"",""formula_id"":""projected-formula-0012400"",""normalized_tex"":""\\Lang{L'}"",""source_column"":1,""source_file"":""content/model-theory/basics/reducts-and-expansions.tex"",""source_ledger"":""data/mod-bas-semantic/semantic_occurrences.jsonl"",""source_ledger_line"":141,""source_line"":44}]",PENDING_FINAL_PAGINATION,\Lang{L'},953812cd00c2c94344ee761c1b75d346cf4ffa6a0ae82b4097f2c759e4cfe5a9,e78d1538d20e10bab1c1aa5db020dfa428498a605a3cc7327c54189fd46cecb2
OLAB-EN-A11Y-NOTATION-001,mod:bas,explore,parts/mod/chapters/bas/explore.html,156,,expr-af35f011a762cdb7,content/model-theory/basics/reducts-and-expansions.tex,15,51,1,expression-occurrence-set-same-chapter,"[{""chapter_key"":""mod:bas"",""formula_id"":""projected-formula-0012372"",""normalized_tex"":""\\Lang{L} \\subseteq \\Lang{L'}"",""source_column"":51,""source_file"":""content/model-theory/basics/reducts-and-expansions.tex"",""source_ledger"":""data/mod-bas-semantic/semantic_occurrences.jsonl"",""source_ledger_line"":371,""source_line"":15}]",PENDING_FINAL_PAGINATION,\Lang{L} \subseteq \Lang{L'},29b2560cbf4d4418dfe17359a5bd8fb78046e662084326d21577dff4af381ddd,d6f05fd5bb4fb314649a563cf42dce178e269c374e9bc44c85723b8e4f858fbf
OLAB-EN-A11Y-NOTATION-002,mod:bas,explore,parts/mod/chapters/bas/explore.html,164,,expr-b9848c4df23f7c87,content/model-theory/basics/isomorphism.tex,126,67,1,expression-occurrence-set-same-chapter,"[{""chapter_key"":""mod:bas"",""formula_id"":""projected-formula-0012546"",""normalized_tex"":""X = \\Setabs{h(x)}{x \\in X}"",""source_column"":67,""source_file"":""content/model-theory/basics/isomorphism.tex"",""source_ledger"":""data/mod-bas-semantic/semantic_occurrences.jsonl"",""source_ledger_line"":395,""source_line"":126}]",PENDING_FINAL_PAGINATION,X = \Setabs{h(x)}{x \in X},4ab611a1a7328d39f51a20597f61ef3227cc4d76ab75570337dbee27e37f75f7,0cd8ab2f817570a289acc2e3000b6a6358c9afbdb908c08788f51702a1f2af36
OLAB-EN-A11Y-NOTATION-001,mod:bas,explore,parts/mod/chapters/bas/explore.html,201,,expr-e2cae5756a89cef8,content/model-theory/basics/reducts-and-expansions.tex,60,56,1,expression-occurrence-set-same-chapter,"[{""chapter_key"":""mod:bas"",""formula_id"":""projected-formula-0012407"",""normalized_tex"":""\\Lang{L'} = \\Lang{L} \\cup \\{P\\}"",""source_column"":56,""source_file"":""content/model-theory/basics/reducts-and-expansions.tex"",""source_ledger"":""data/mod-bas-semantic/semantic_occurrences.jsonl"",""source_ledger_line"":448,""source_line"":60}]",PENDING_FINAL_PAGINATION,\Lang{L'} = \Lang{L} \cup \{P\},3c01d9329ede311b2bf8bb7188118e3a4b085b20ff19f7f78074147a49a4fd37,b55299f3245199946bdc71b94c14080004fa6dee4b628d861a5d53849a1ab8b7
OLAB-EN-A11Y-NOTATION-001,mod:bas,read,parts/mod/chapters/bas/read.html,2,projected-formula-0012371,expr-428890bacf44ce4f,content/model-theory/basics/reducts-and-expansions.tex,15,32,1,formula-id-exact,"[{""chapter_key"":""mod:bas"",""formula_id"":""projected-formula-0012371"",""normalized_tex"":""\\Lang{L'}"",""source_column"":32,""source_file"":""content/model-theory/basics/reducts-and-expansions.tex"",""source_ledger"":""data/mod-bas-semantic/semantic_occurrences.jsonl"",""source_ledger_line"":138,""source_line"":15}]",PENDING_FINAL_PAGINATION,\Lang{L'},6d33f58953a96d3d4a6212b0132af6ba652a536848e9efcb38e2bb6bb45418d8,3ae5b40c921120e8d241476ac4bfd64bfc51b93c821f23b61d77e6876baa96ba
OLAB-EN-A11Y-NOTATION-001,mod:bas,read,parts/mod/chapters/bas/read.html,3,projected-formula-0012372,expr-af35f011a762cdb7,content/model-theory/basics/reducts-and-expansions.tex,15,51,1,formula-id-exact,"[{""chapter_key"":""mod:bas"",""formula_id"":""projected-formula-0012372"",""normalized_tex"":""\\Lang{L} \\subseteq \\Lang{L'}"",""source_column"":51,""source_file"":""content/model-theory/basics/reducts-and-expansions.tex"",""source_ledger"":""data/mod-bas-semantic/semantic_occurrences.jsonl"",""source_ledger_line"":371,""source_line"":15}]",PENDING_FINAL_PAGINATION,\Lang{L} \subseteq \Lang{L'},96f89cf8e9445005cb6af023c8f8d2eaa6f4546f8d52246e00904c2eb4a4a24f,e94ebc1c5c53d8687e44ff0d57845785a19a3f4b804ed43718a2d7b6fa102a54
OLAB-EN-A11Y-NOTATION-001,mod:bas,read,parts/mod/chapters/bas/read.html,6,projected-formula-0012375,expr-428890bacf44ce4f,content/model-theory/basics/reducts-and-expansions.tex,17,19,1,formula-id-exact,"[{""chapter_key"":""mod:bas"",""formula_id"":""projected-formula-0012375"",""normalized_tex"":""\\Lang{L'}"",""source_column"":19,""source_file"":""content/model-theory/basics/reducts-and-expansions.tex"",""source_ledger"":""data/mod-bas-semantic/semantic_occurrences.jsonl"",""source_ledger_line"":139,""source_line"":17}]",PENDING_FINAL_PAGINATION,\Lang{L'},2d534192a8711014334898ac65dcafb334e39a19bb93f3958c2cce4861fea8d9,f239c9521b2b8714e5425ab890e0687d2f454df83312c5d78a95d14a7bc5e3c2
OLAB-EN-A11Y-NOTATION-001,mod:bas,read,parts/mod/chapters/bas/read.html,7,projected-formula-0012376,expr-428890bacf44ce4f,content/model-theory/basics/reducts-and-expansions.tex,20,1,1,formula-id-exact,"[{""chapter_key"":""mod:bas"",""formula_id"":""projected-formula-0012376"",""normalized_tex"":""\\Lang{L'}"",""source_column"":1,""source_file"":""content/model-theory/basics/reducts-and-expansions.tex"",""source_ledger"":""data/mod-bas-semantic/semantic_occurrences.jsonl"",""source_ledger_line"":140,""source_line"":20}]",PENDING_FINAL_PAGINATION,\Lang{L'},64fb73c7353f436b6c5879a5b1faeecb0aaa494ab1ecea5689dcbaad4ef72bbd,672a280b028afc8123178634138d6116aace5086ade250c30c503ae8f1c24d5f
OLAB-EN-A11Y-NOTATION-001,mod:bas,read,parts/mod/chapters/bas/read.html,31,projected-formula-0012400,expr-428890bacf44ce4f,content/model-theory/basics/reducts-and-expansions.tex,44,1,1,formula-id-exact,"[{""chapter_key"":""mod:bas"",""formula_id"":""projected-formula-0012400"",""normalized_tex"":""\\Lang{L'}"",""source_column"":1,""source_file"":""content/model-theory/basics/reducts-and-expansions.tex"",""source_ledger"":""data/mod-bas-semantic/semantic_occurrences.jsonl"",""source_ledger_line"":141,""source_line"":44}]",PENDING_FINAL_PAGINATION,\Lang{L'},866944d3a96ea90786a2c6961378f78bb0b6c3c4ef03a1d951a46ab152efef57,cabfd7a21552c4270a73da43e07ef819a51faa571c2c7d1e8033ac1cfbcbf606
OLAB-EN-A11Y-NOTATION-001,mod:bas,read,parts/mod/chapters/bas/read.html,38,projected-formula-0012407,expr-e2cae5756a89cef8,content/model-theory/basics/reducts-and-expansions.tex,60,56,1,formula-id-exact,"[{""chapter_key"":""mod:bas"",""formula_id"":""projected-formula-0012407"",""normalized_tex"":""\\Lang{L'} = \\Lang{L} \\cup \\{P\\}"",""source_column"":56,""source_file"":""content/model-theory/basics/reducts-and-expansions.tex"",""source_ledger"":""data/mod-bas-semantic/semantic_occurrences.jsonl"",""source_ledger_line"":448,""source_line"":60}]",PENDING_FINAL_PAGINATION,\Lang{L'} = \Lang{L} \cup \{P\},38aaa9928e2b6a5423ea058e9b2417053f47a0d4f034c3d07a1c93e885c619dc,7c249088c69ff6bf3d23e65d57f66ad7e9dc9a3a4d2f55963bbeafded087b399
OLAB-EN-A11Y-NOTATION-002,mod:bas,read,parts/mod/chapters/bas/read.html,177,projected-formula-0012546,expr-b9848c4df23f7c87,content/model-theory/basics/isomorphism.tex,126,67,1,formula-id-exact,"[{""chapter_key"":""mod:bas"",""formula_id"":""projected-formula-0012546"",""normalized_tex"":""X = \\Setabs{h(x)}{x \\in X}"",""source_column"":67,""source_file"":""content/model-theory/basics/isomorphism.tex"",""source_ledger"":""data/mod-bas-semantic/semantic_occurrences.jsonl"",""source_ledger_line"":395,""source_line"":126}]",PENDING_FINAL_PAGINATION,X = \Setabs{h(x)}{x \in X},744c5e74bb05582131e662ee6626faaf73dcf71ba2e22ef9c57dbab122923779,5f509bd065ea056d19e82a270a0467df023eee2dd32bf319fb366fdb2f7a6a19
OLAB-EN-A11Y-NOTATION-002,mod:bas,read,parts/mod/chapters/bas/read.html,186,projected-formula-0012555,expr-2821610b26819213,content/model-theory/basics/theory-of-m.tex,21,40,1,formula-id-exact,"[{""chapter_key"":""mod:bas"",""formula_id"":""projected-formula-0012555"",""normalized_tex"":""\\Theory{M} = \\Setabs{!A}{\\Sat{M}{!A}}"",""source_column"":40,""source_file"":""content/model-theory/basics/theory-of-m.tex"",""source_ledger"":""data/mod-bas-semantic/semantic_occurrences.jsonl"",""source_ledger_line"":116,""source_line"":21}]",PENDING_FINAL_PAGINATION,\Theory{M} = \Setabs{!A}{\Sat{M}{!A}},09de2774be8b1801b8a51a055d116746d26c99b92b4ec9b052c9b42339f16b93,9f00df584bcbb533e10da3a84abc69020d27d639122b9a3f679452371a8d9345
OLAB-EN-A11Y-NOTATION-001,mod:int,explore,parts/mod/chapters/int/explore.html,47,,expr-3166cb335d8409db,content/model-theory/interpolation/interpolation-proof.tex,166,1,1,expression-occurrence-set-same-chapter,"[{""chapter_key"":""mod:int"",""formula_id"":""projected-formula-0013901"",""normalized_tex"":""\\Lang{L_1} \\cup \\Lang{L_2}"",""source_column"":1,""source_file"":""content/model-theory/interpolation/interpolation-proof.tex"",""source_ledger"":""data/mod-int-semantic/semantic_occurrences.jsonl"",""source_ledger_line"":303,""source_line"":166}]",PENDING_FINAL_PAGINATION,\Lang{L_1} \cup \Lang{L_2},dcaf0a9eb757953c40610cdcc3262f809c2b66da4f04c85657f0375c9f994e6f,f71ddf983d188879541b357657a87b9e4d9debc0bf4f340a453df722e8b431cf
OLAB-EN-A11Y-NOTATION-001,mod:int,explore,parts/mod/chapters/int/explore.html,61,,expr-5122ebf2b92e77cd,content/model-theory/interpolation/interpolation-proof.tex,185,40,1,expression-occurrence-set-same-chapter,"[{""chapter_key"":""mod:int"",""formula_id"":""projected-formula-0013921"",""normalized_tex"":""\\Lang{L'_2}"",""source_column"":40,""source_file"":""content/model-theory/interpolation/interpolation-proof.tex"",""source_ledger"":""data/mod-int-semantic/semantic_occurrences.jsonl"",""source_ledger_line"":323,""source_line"":185}]",PENDING_FINAL_PAGINATION,\Lang{L'_2},32226ac7b1d859d81d567640300b7f076fa2d98b59e41dd7f5402fee016dff9b,679272f212883059b82723f07b66e74526da3c54958483b46bbb2ae571868414
OLAB-EN-A11Y-NOTATION-001,mod:int,explore,parts/mod/chapters/int/explore.html,85,,expr-66518191eef3ad4b,content/model-theory/interpolation/interpolation-proof.tex,184,45,1,expression-occurrence-set-same-chapter,"[{""chapter_key"":""mod:int"",""formula_id"":""projected-formula-0013919"",""normalized_tex"":""\\Lang{L'_1}"",""source_column"":45,""source_file"":""content/model-theory/interpolation/interpolation-proof.tex"",""source_ledger"":""data/mod-int-semantic/semantic_occurrences.jsonl"",""source_ledger_line"":321,""source_line"":184}]",PENDING_FINAL_PAGINATION,\Lang{L'_1},221c743f06698138e872cbe2193b736b92786bca90d5466aa19eccaeb369d4a6,66a5a18b3c61f6d003fc37449b719e266a3aac2516a25e811c6fdac105c61a0c
OLAB-EN-A11Y-NOTATION-001,mod:int,explore,parts/mod/chapters/int/explore.html,119,,expr-94a6192be68a7ac8,content/model-theory/interpolation/interpolation-proof.tex,153,1,1,expression-occurrence-set-same-chapter,"[{""chapter_key"":""mod:int"",""formula_id"":""projected-formula-0013886"",""normalized_tex"":""\\Lang{L'_1} \\setminus \\Lang{L'_0}"",""source_column"":1,""source_file"":""content/model-theory/interpolation/interpolation-proof.tex"",""source_ledger"":""data/mod-int-semantic/semantic_occurrences.jsonl"",""source_ledger_line"":288,""source_line"":153}]",PENDING_FINAL_PAGINATION,\Lang{L'_1} \setminus \Lang{L'_0},8ddd024e344ea2e99ab65ebf632b714af5f754316979181092433ba9c4a532f6,237c08a04a38893d47760c8ea6b4d136a21b3a35fd9e1ddb1083cffe9fb8606f
OLAB-EN-A11Y-NOTATION-001,mod:int,explore,parts/mod/chapters/int/explore.html,136,,expr-b25379fd92056130,content/model-theory/interpolation/interpolation-proof.tex,131,45,1,expression-occurrence-set-same-chapter,"[{""chapter_key"":""mod:int"",""formula_id"":""projected-formula-0013856"",""normalized_tex"":""\\Lang{L'_1} \\supseteq \\Lang{L'_0}"",""source_column"":45,""source_file"":""content/model-theory/interpolation/interpolation-proof.tex"",""source_ledger"":""data/mod-int-semantic/semantic_occurrences.jsonl"",""source_ledger_line"":258,""source_line"":131}]",PENDING_FINAL_PAGINATION,\Lang{L'_1} \supseteq \Lang{L'_0},dc90bf76b90448b23ce9410e83db1aed9b60756c408133cd2406383172cd6901,cb2033f1d6b3ab2bf887be6c1c15ae545efcb944f3414861f8e86c1db1f14593
OLAB-EN-A11Y-NOTATION-001,mod:int,explore,parts/mod/chapters/int/explore.html,184,,expr-e66152d46292fbe2,content/model-theory/interpolation/interpolation-proof.tex,170,35,1,expression-occurrence-set-same-chapter,"[{""chapter_key"":""mod:int"",""formula_id"":""projected-formula-0013906"",""normalized_tex"":""\\Lang{L_2} \\setminus \\Lang{L_1}"",""source_column"":35,""source_file"":""content/model-theory/interpolation/interpolation-proof.tex"",""source_ledger"":""data/mod-int-semantic/semantic_occurrences.jsonl"",""source_ledger_line"":308,""source_line"":170}]",PENDING_FINAL_PAGINATION,\Lang{L_2} \setminus \Lang{L_1},1eebaf9063939e5c569b8b56bab9d34c437c55715c04289104f0ee46b66c6869,8cfb720723bb53f643d8e7dd4872a2216ba1dc4653d7caa36a92a4111f6e8b2a
OLAB-EN-A11Y-NOTATION-001,mod:int,explore,parts/mod/chapters/int/explore.html,202,,expr-fd448de8a1c3604a,content/model-theory/interpolation/interpolation-proof.tex,133,1,1,expression-occurrence-set-same-chapter,"[{""chapter_key"":""mod:int"",""formula_id"":""projected-formula-0013858"",""normalized_tex"":""\\Lang{L'_2} \\supseteq \\Lang{L'_0}"",""source_column"":1,""source_file"":""content/model-theory/interpolation/interpolation-proof.tex"",""source_ledger"":""data/mod-int-semantic/semantic_occurrences.jsonl"",""source_ledger_line"":260,""source_line"":133}]",PENDING_FINAL_PAGINATION,\Lang{L'_2} \supseteq \Lang{L'_0},158e2c1bcad6192ff1f04a992d68bf3176f9e8f74c761585beb32e3ef8873f9a,19df939c6235fbbd9021cc1d410346b5eb8715de66fe8ec884b833ad277f776b
OLAB-EN-A11Y-NOTATION-001,mod:int,read,parts/mod/chapters/int/read.html,258,projected-formula-0013856,expr-b25379fd92056130,content/model-theory/interpolation/interpolation-proof.tex,131,45,1,formula-id-exact,"[{""chapter_key"":""mod:int"",""formula_id"":""projected-formula-0013856"",""normalized_tex"":""\\Lang{L'_1} \\supseteq \\Lang{L'_0}"",""source_column"":45,""source_file"":""content/model-theory/interpolation/interpolation-proof.tex"",""source_ledger"":""data/mod-int-semantic/semantic_occurrences.jsonl"",""source_ledger_line"":258,""source_line"":131}]",PENDING_FINAL_PAGINATION,\Lang{L'_1} \supseteq \Lang{L'_0},61f249ef506afdfe5c2fecc970694ef456c5cf3f44815885cd49f8738df716dc,29c4571b890e33262acfbe979a36a4897a3722e709efe31a166e26f3da3e42b0
OLAB-EN-A11Y-NOTATION-001,mod:int,read,parts/mod/chapters/int/read.html,260,projected-formula-0013858,expr-fd448de8a1c3604a,content/model-theory/interpolation/interpolation-proof.tex,133,1,1,formula-id-exact,"[{""chapter_key"":""mod:int"",""formula_id"":""projected-formula-0013858"",""normalized_tex"":""\\Lang{L'_2} \\supseteq \\Lang{L'_0}"",""source_column"":1,""source_file"":""content/model-theory/interpolation/interpolation-proof.tex"",""source_ledger"":""data/mod-int-semantic/semantic_occurrences.jsonl"",""source_ledger_line"":260,""source_line"":133}]",PENDING_FINAL_PAGINATION,\Lang{L'_2} \supseteq \Lang{L'_0},1a22a699c0518d817f9fb5ea344ec9ca572a313444d7c45e1fc8ea4a518ffa4d,96b374633130b681780e7a7945e8b6a7b9c62f5f9ad7c9e948bc35f3730bc57e
OLAB-EN-A11Y-NOTATION-001,mod:int,read,parts/mod/chapters/int/read.html,288,projected-formula-0013886,expr-94a6192be68a7ac8,content/model-theory/interpolation/interpolation-proof.tex,153,1,1,formula-id-exact,"[{""chapter_key"":""mod:int"",""formula_id"":""projected-formula-0013886"",""normalized_tex"":""\\Lang{L'_1} \\setminus \\Lang{L'_0}"",""source_column"":1,""source_file"":""content/model-theory/interpolation/interpolation-proof.tex"",""source_ledger"":""data/mod-int-semantic/semantic_occurrences.jsonl"",""source_ledger_line"":288,""source_line"":153}]",PENDING_FINAL_PAGINATION,\Lang{L'_1} \setminus \Lang{L'_0},7c47651c710bbfdaae146a9cd06834f31bd7041e7f8066f68082a0cc113bae80,a2490255c16bb275b3e2cf7dacf17fc768e019c960301be2391e2c7fdf421ffa
OLAB-EN-A11Y-NOTATION-001,mod:int,read,parts/mod/chapters/int/read.html,303,projected-formula-0013901,expr-3166cb335d8409db,content/model-theory/interpolation/interpolation-proof.tex,166,1,1,formula-id-exact,"[{""chapter_key"":""mod:int"",""formula_id"":""projected-formula-0013901"",""normalized_tex"":""\\Lang{L_1} \\cup \\Lang{L_2}"",""source_column"":1,""source_file"":""content/model-theory/interpolation/interpolation-proof.tex"",""source_ledger"":""data/mod-int-semantic/semantic_occurrences.jsonl"",""source_ledger_line"":303,""source_line"":166}]",PENDING_FINAL_PAGINATION,\Lang{L_1} \cup \Lang{L_2},ea31c11e5d6381d6c79bac32c627dad16c823e567a98d219d47b5235ff88139d,a342c57ffffe8aa7e5107f52df0037a8a0a010bd19201b2d833037e90b4a8ba5
OLAB-EN-A11Y-NOTATION-001,mod:int,read,parts/mod/chapters/int/read.html,308,projected-formula-0013906,expr-e66152d46292fbe2,content/model-theory/interpolation/interpolation-proof.tex,170,35,1,formula-id-exact,"[{""chapter_key"":""mod:int"",""formula_id"":""projected-formula-0013906"",""normalized_tex"":""\\Lang{L_2} \\setminus \\Lang{L_1}"",""source_column"":35,""source_file"":""content/model-theory/interpolation/interpolation-proof.tex"",""source_ledger"":""data/mod-int-semantic/semantic_occurrences.jsonl"",""source_ledger_line"":308,""source_line"":170}]",PENDING_FINAL_PAGINATION,\Lang{L_2} \setminus \Lang{L_1},fcfbd170527dc163baf9661a716db526bbc2bd0a8e7360a6762cc381aa09013c,8433deff0e5909072d52e528e86c27125795479c8ea68301021fb1e5691001e4
OLAB-EN-A11Y-NOTATION-001,mod:int,read,parts/mod/chapters/int/read.html,321,projected-formula-0013919,expr-66518191eef3ad4b,content/model-theory/interpolation/interpolation-proof.tex,184,45,1,formula-id-exact,"[{""chapter_key"":""mod:int"",""formula_id"":""projected-formula-0013919"",""normalized_tex"":""\\Lang{L'_1}"",""source_column"":45,""source_file"":""content/model-theory/interpolation/interpolation-proof.tex"",""source_ledger"":""data/mod-int-semantic/semantic_occurrences.jsonl"",""source_ledger_line"":321,""source_line"":184}]",PENDING_FINAL_PAGINATION,\Lang{L'_1},caa3859edf038a6a8f34afb315b51d13d8f9d7b6c01b9820d47053a7df656ae2,e24a39fb90209f1ec66616ae02fbd0559c1795930c8b283fbffac2880d0d369f
OLAB-EN-A11Y-NOTATION-001,mod:int,read,parts/mod/chapters/int/read.html,323,projected-formula-0013921,expr-5122ebf2b92e77cd,content/model-theory/interpolation/interpolation-proof.tex,185,40,1,formula-id-exact,"[{""chapter_key"":""mod:int"",""formula_id"":""projected-formula-0013921"",""normalized_tex"":""\\Lang{L'_2}"",""source_column"":40,""source_file"":""content/model-theory/interpolation/interpolation-proof.tex"",""source_ledger"":""data/mod-int-semantic/semantic_occurrences.jsonl"",""source_ledger_line"":323,""source_line"":185}]",PENDING_FINAL_PAGINATION,\Lang{L'_2},11789c3382c23757db918ecf18ccfd15b1d363a32958228a357deb0af8a34402,8dccad7f90ea678823d05c6e692ddc656ac3547aea6efa41bb2e955e116050bd
OLAB-EN-A11Y-NOTATION-002,mod:lin,explore,parts/mod/chapters/lin/explore.html,18,,expr-20c747571b26cf2b,content/model-theory/lindstrom/abstract-logics.tex,100,3,1,expression-occurrence-set-same-chapter,"[{""chapter_key"":""mod:lin"",""formula_id"":""projected-formula-0014112"",""normalized_tex"":""\\Domain{N} = \\Setabs{a\\in \\Domain{M}}{\\Assign{R}{M}(a, b_1, \\dots, b_n)}"",""source_column"":3,""source_file"":""content/model-theory/lindstrom/abstract-logics.tex"",""source_ledger"":""data/mod-lin-semantic/semantic_occurrences.jsonl"",""source_ledger_line"":101,""source_line"":100}]",PENDING_FINAL_PAGINATION,"\Domain{N} = \Setabs{a\in \Domain{M}}{\Assign{R}{M}(a, b_1, \dots, b_n)}",6d9265b13dfeccce055a0b91b3b6b61f7124951ecfe8f6f462a3cb4ec94392b8,8f21cf4ecd164bf7a3b9215bbc5161c4d4e371ec47ddf86624fa505955cfc20c
OLAB-EN-A11Y-NOTATION-001,mod:lin,explore,parts/mod/chapters/lin/explore.html,31,,expr-428890bacf44ce4f,content/model-theory/lindstrom/abstract-logics.tex,53,3,4,expression-occurrence-set-same-chapter,"[{""chapter_key"":""mod:lin"",""formula_id"":""projected-formula-0014048"",""normalized_tex"":""\\Lang{L'}"",""source_column"":3,""source_file"":""content/model-theory/lindstrom/abstract-logics.tex"",""source_ledger"":""data/mod-lin-semantic/semantic_occurrences.jsonl"",""source_ledger_line"":37,""source_line"":53},{""chapter_key"":""mod:lin"",""formula_id"":""projected-formula-0014052"",""normalized_tex"":""\\Lang{L'}"",""source_column"":35,""source_file"":""content/model-theory/lindstrom/abstract-logics.tex"",""source_ledger"":""data/mod-lin-semantic/semantic_occurrences.jsonl"",""source_ledger_line"":41,""source_line"":56},{""chapter_key"":""mod:lin"",""formula_id"":""projected-formula-0014056"",""normalized_tex"":""\\Lang{L'}"",""source_column"":29,""source_file"":""content/model-theory/lindstrom/abstract-logics.tex"",""source_ledger"":""data/mod-lin-semantic/semantic_occurrences.jsonl"",""source_ledger_line"":45,""source_line"":58},{""chapter_key"":""mod:lin"",""formula_id"":""projected-formula-0014059"",""normalized_tex"":""\\Lang{L'}"",""source_column"":40,""source_file"":""content/model-theory/lindstrom/abstract-logics.tex"",""source_ledger"":""data/mod-lin-semantic/semantic_occurrences.jsonl"",""source_ledger_line"":48,""source_line"":59}]",PENDING_FINAL_PAGINATION,\Lang{L'},953812cd00c2c94344ee761c1b75d346cf4ffa6a0ae82b4097f2c759e4cfe5a9,e78d1538d20e10bab1c1aa5db020dfa428498a605a3cc7327c54189fd46cecb2
OLAB-EN-A11Y-NOTATION-001,mod:lin,explore,parts/mod/chapters/lin/explore.html,46,,expr-5713cebc55c46f9a,content/model-theory/lindstrom/abstract-logics.tex,87,9,1,expression-occurrence-set-same-chapter,"[{""chapter_key"":""mod:lin"",""formula_id"":""projected-formula-0014094"",""normalized_tex"":""\\Lang{L'} = \\Lang{L} \\setminus \\{c\\}"",""source_column"":9,""source_file"":""content/model-theory/lindstrom/abstract-logics.tex"",""source_ledger"":""data/mod-lin-semantic/semantic_occurrences.jsonl"",""source_ledger_line"":83,""source_line"":87}]",PENDING_FINAL_PAGINATION,\Lang{L'} = \Lang{L} \setminus \{c\},2f539d44e29a3cea0d8110871b9095a7f695f2e57a844913f307f71c46d6eb7f,661f672803c806762948b27120e64fb06fe0fa5bf62373056edec42a5fbb07d5
OLAB-EN-A11Y-NOTATION-002,mod:lin,explore,parts/mod/chapters/lin/explore.html,94,,expr-980ea4bd1d2d3688,content/model-theory/lindstrom/lindstrom-proof.tex,90,1,1,expression-occurrence-set-same-chapter,"[{""chapter_key"":""mod:lin"",""formula_id"":""projected-formula-0014317"",""normalized_tex"":""\\Domain{M_n} & = \\Setabs{a \\in \\Domain{M}}{R(a, n)}; & \\Domain{N_n} & = \\Setabs{a \\in \\Domain{N}}{S(a,n)}; \\\\ \\Domain{M}^{<\\omega}_n & = \\Setabs{a \\in \\Domain{M}^{<\\omega}}{R(a,n)}; & \\Domain{N}^{<\\omega}_n & = \\Setabs{a \\in \\Domain{N}^{<\\omega}}{S(a,n)}."",""source_column"":1,""source_file"":""content/model-theory/lindstrom/lindstrom-proof.tex"",""source_ledger"":""data/mod-lin-semantic/semantic_occurrences.jsonl"",""source_ledger_line"":306,""source_line"":90}]",PENDING_FINAL_PAGINATION,"\Domain{M_n} & = \Setabs{a \in \Domain{M}}{R(a, n)}; & \Domain{N_n} & = \Setabs{a \in \Domain{N}}{S(a,n)}; \\ \Domain{M}^{<\omega}_n & = \Setabs{a \in \Domain{M}^{<\omega}}{R(a,n)}; & \Domain{N}^{<\omega}_n & = \Setabs{a \in \Domain{N}^{<\omega}}{S(a,n)}.",84c07f7cf2e8ab953942b34633c46cfeb5c3fb3b3a140661df6f4aa61693942a,36397fa3675c999999737a8add41776a02105e856ece38265f56a9f591e10a62
OLAB-EN-A11Y-NOTATION-001,mod:lin,explore,parts/mod/chapters/lin/explore.html,106,,expr-af35f011a762cdb7,content/model-theory/lindstrom/abstract-logics.tex,53,19,1,expression-occurrence-set-same-chapter,"[{""chapter_key"":""mod:lin"",""formula_id"":""projected-formula-0014049"",""normalized_tex"":""\\Lang{L} \\subseteq \\Lang{L'}"",""source_column"":19,""source_file"":""content/model-theory/lindstrom/abstract-logics.tex"",""source_ledger"":""data/mod-lin-semantic/semantic_occurrences.jsonl"",""source_ledger_line"":38,""source_line"":53}]",PENDING_FINAL_PAGINATION,\Lang{L} \subseteq \Lang{L'},29b2560cbf4d4418dfe17359a5bd8fb78046e662084326d21577dff4af381ddd,d6f05fd5bb4fb314649a563cf42dce178e269c374e9bc44c85723b8e4f858fbf
OLAB-EN-A11Y-NOTATION-002,mod:lin,explore,parts/mod/chapters/lin/explore.html,110,,expr-b3b4cd7340bd3361,content/model-theory/lindstrom/abstract-logics.tex,83,3,1,expression-occurrence-set-same-chapter,"[{""chapter_key"":""mod:lin"",""formula_id"":""projected-formula-0014093"",""normalized_tex"":""\\Mod[L'](L){!F} = \\Setabs{\\Struct{M}}{\\Expan{M}{a} \\in \\Mod[L](L){!E} \\text{ for some } a \\in \\Domain{M}},"",""source_column"":3,""source_file"":""content/model-theory/lindstrom/abstract-logics.tex"",""source_ledger"":""data/mod-lin-semantic/semantic_occurrences.jsonl"",""source_ledger_line"":82,""source_line"":83}]",PENDING_FINAL_PAGINATION,"\Mod[L'](L){!F} = \Setabs{\Struct{M}}{\Expan{M}{a} \in \Mod[L](L){!E} \text{ for some } a \in \Domain{M}},",e21aaa4924c577e20916057796bfc1708defa37bd19be53e8202ab2663d07bae,c2a157dd0ffeb72cbf58b327678a2daa178f5babae66a4f9a3e9f139558d51d3
OLAB-EN-A11Y-NOTATION-002,mod:lin,explore,parts/mod/chapters/lin/explore.html,131,,expr-d5ea220ea0c041f7,content/model-theory/lindstrom/lindstrom-proof.tex,34,32,1,expression-occurrence-set-same-chapter,"[{""chapter_key"":""mod:lin"",""formula_id"":""projected-formula-0014259"",""normalized_tex"":""!D = \\textstyle\\bigvee \\Setabs{!D_{\\Struct{M}}}{\\Struct{M} \\models_L !E}"",""source_column"":32,""source_file"":""content/model-theory/lindstrom/lindstrom-proof.tex"",""source_ledger"":""data/mod-lin-semantic/semantic_occurrences.jsonl"",""source_ledger_line"":248,""source_line"":34}]",PENDING_FINAL_PAGINATION,!D = \textstyle\bigvee \Setabs{!D_{\Struct{M}}}{\Struct{M} \models_L !E},33c169762652fa92b7df176b2e4baa3b03884a30e6e0c2b98cb5aa42521a852a,404ecbfbd5cae36fdee602149bb9277c738ec8d27f38818093cf00f657105c91
OLAB-EN-A11Y-NOTATION-002,mod:lin,explore,parts/mod/chapters/lin/explore.html,144,,expr-f3f60851424cc81d,content/model-theory/lindstrom/abstract-logics.tex,40,36,1,expression-occurrence-set-same-chapter,"[{""chapter_key"":""mod:lin"",""formula_id"":""projected-formula-0014036"",""normalized_tex"":""\\Setabs{\\Struct{M}}{\\Struct{M} \\models_L !E}"",""source_column"":36,""source_file"":""content/model-theory/lindstrom/abstract-logics.tex"",""source_ledger"":""data/mod-lin-semantic/semantic_occurrences.jsonl"",""source_ledger_line"":25,""source_line"":40}]",PENDING_FINAL_PAGINATION,\Setabs{\Struct{M}}{\Struct{M} \models_L !E},936f7b6a7dd20d8ae113d234f19da50f0914fcdf068c32c118f5cc930c6c4ed3,cdefa13f58257a4d733e2226fe09fa711c91b7145f7691309153602663b9eb1e
OLAB-EN-A11Y-NOTATION-001,mod:lin,explore,parts/mod/chapters/lin/explore.html,147,,expr-f7b922353ddd2346,content/model-theory/lindstrom/abstract-logics.tex,54,3,1,expression-occurrence-set-same-chapter,"[{""chapter_key"":""mod:lin"",""formula_id"":""projected-formula-0014050"",""normalized_tex"":""L(\\Lang{L}) \\subseteq L(\\Lang{L'})"",""source_column"":3,""source_file"":""content/model-theory/lindstrom/abstract-logics.tex"",""source_ledger"":""data/mod-lin-semantic/semantic_occurrences.jsonl"",""source_ledger_line"":39,""source_line"":54}]",PENDING_FINAL_PAGINATION,L(\Lang{L}) \subseteq L(\Lang{L'}),38c1583092140875e99daa449d9da9573f15fe0a8fc950978111c7674aaa1a52,09f60d7dfd4e781092e305bdaef2d1f74afb5a8550654a5d3fb2ae658a98069f
OLAB-EN-A11Y-NOTATION-002,mod:lin,read,parts/mod/chapters/lin/read.html,25,projected-formula-0014036,expr-f3f60851424cc81d,content/model-theory/lindstrom/abstract-logics.tex,40,36,1,formula-id-exact,"[{""chapter_key"":""mod:lin"",""formula_id"":""projected-formula-0014036"",""normalized_tex"":""\\Setabs{\\Struct{M}}{\\Struct{M} \\models_L !E}"",""source_column"":36,""source_file"":""content/model-theory/lindstrom/abstract-logics.tex"",""source_ledger"":""data/mod-lin-semantic/semantic_occurrences.jsonl"",""source_ledger_line"":25,""source_line"":40}]",PENDING_FINAL_PAGINATION,\Setabs{\Struct{M}}{\Struct{M} \models_L !E},fff1827963249692dfd59e6271464691b82fc7dcb52860670fa0ccba2dc25bda,c93645f33d14b99406a0c842d6df8a5a75b8611c2517f29c72abed5ff545d670
OLAB-EN-A11Y-NOTATION-001,mod:lin,read,parts/mod/chapters/lin/read.html,37,projected-formula-0014048,expr-428890bacf44ce4f,content/model-theory/lindstrom/abstract-logics.tex,53,3,1,formula-id-exact,"[{""chapter_key"":""mod:lin"",""formula_id"":""projected-formula-0014048"",""normalized_tex"":""\\Lang{L'}"",""source_column"":3,""source_file"":""content/model-theory/lindstrom/abstract-logics.tex"",""source_ledger"":""data/mod-lin-semantic/semantic_occurrences.jsonl"",""source_ledger_line"":37,""source_line"":53}]",PENDING_FINAL_PAGINATION,\Lang{L'},705a89033738d232040a82a490d01eb0395976671445202031a6a8156024da49,ba1fb4915e0c3a758b48cae65e28f7bf3c2dccd03c30aa03cb41837e9c5e7491
OLAB-EN-A11Y-NOTATION-001,mod:lin,read,parts/mod/chapters/lin/read.html,38,projected-formula-0014049,expr-af35f011a762cdb7,content/model-theory/lindstrom/abstract-logics.tex,53,19,1,formula-id-exact,"[{""chapter_key"":""mod:lin"",""formula_id"":""projected-formula-0014049"",""normalized_tex"":""\\Lang{L} \\subseteq \\Lang{L'}"",""source_column"":19,""source_file"":""content/model-theory/lindstrom/abstract-logics.tex"",""source_ledger"":""data/mod-lin-semantic/semantic_occurrences.jsonl"",""source_ledger_line"":38,""source_line"":53}]",PENDING_FINAL_PAGINATION,\Lang{L} \subseteq \Lang{L'},c4bd1e4d613cb357b6249c3f930db1123b655d48cdbb2bfa3ef106cd01b4f8c6,8f436e935790efdf019bc3b2bf4b31ffe24a6e0907b736f2a7a529cce63ee23c
OLAB-EN-A11Y-NOTATION-001,mod:lin,read,parts/mod/chapters/lin/read.html,39,projected-formula-0014050,expr-f7b922353ddd2346,content/model-theory/lindstrom/abstract-logics.tex,54,3,1,formula-id-exact,"[{""chapter_key"":""mod:lin"",""formula_id"":""projected-formula-0014050"",""normalized_tex"":""L(\\Lang{L}) \\subseteq L(\\Lang{L'})"",""source_column"":3,""source_file"":""content/model-theory/lindstrom/abstract-logics.tex"",""source_ledger"":""data/mod-lin-semantic/semantic_occurrences.jsonl"",""source_ledger_line"":39,""source_line"":54}]",PENDING_FINAL_PAGINATION,L(\Lang{L}) \subseteq L(\Lang{L'}),17d26ebcb4643f71853797647204c57a8ab6939557cddbcc4e5675319d4e2dbc,a673d4734ccb8b9cf1dfe5f04ff65ef24a7ab12fb56f24501b619335a3b1aac1
OLAB-EN-A11Y-NOTATION-001,mod:lin,read,parts/mod/chapters/lin/read.html,41,projected-formula-0014052,expr-428890bacf44ce4f,content/model-theory/lindstrom/abstract-logics.tex,56,35,1,formula-id-exact,"[{""chapter_key"":""mod:lin"",""formula_id"":""projected-formula-0014052"",""normalized_tex"":""\\Lang{L'}"",""source_column"":35,""source_file"":""content/model-theory/lindstrom/abstract-logics.tex"",""source_ledger"":""data/mod-lin-semantic/semantic_occurrences.jsonl"",""source_ledger_line"":41,""source_line"":56}]",PENDING_FINAL_PAGINATION,\Lang{L'},d2685f4b28f8f2b6e5fde35efef16a7d958efcf4689ed780864555dc53ad7239,f6f2663b03884d14e3e839b37f3e2044a401299aaa1809b9e99f1e6155bd6df0
OLAB-EN-A11Y-NOTATION-001,mod:lin,read,parts/mod/chapters/lin/read.html,45,projected-formula-0014056,expr-428890bacf44ce4f,content/model-theory/lindstrom/abstract-logics.tex,58,29,1,formula-id-exact,"[{""chapter_key"":""mod:lin"",""formula_id"":""projected-formula-0014056"",""normalized_tex"":""\\Lang{L'}"",""source_column"":29,""source_file"":""content/model-theory/lindstrom/abstract-logics.tex"",""source_ledger"":""data/mod-lin-semantic/semantic_occurrences.jsonl"",""source_ledger_line"":45,""source_line"":58}]",PENDING_FINAL_PAGINATION,\Lang{L'},a34935f88cdc5a13e34be88ee6912a65067e52f7facdf903499c94a2fa143f1f,091fe3b0c66e99b8b0e6bac08548cc3f84b7f55f6843f779e155b58c1d98b86e
OLAB-EN-A11Y-NOTATION-001,mod:lin,read,parts/mod/chapters/lin/read.html,48,projected-formula-0014059,expr-428890bacf44ce4f,content/model-theory/lindstrom/abstract-logics.tex,59,40,1,formula-id-exact,"[{""chapter_key"":""mod:lin"",""formula_id"":""projected-formula-0014059"",""normalized_tex"":""\\Lang{L'}"",""source_column"":40,""source_file"":""content/model-theory/lindstrom/abstract-logics.tex"",""source_ledger"":""data/mod-lin-semantic/semantic_occurrences.jsonl"",""source_ledger_line"":48,""source_line"":59}]",PENDING_FINAL_PAGINATION,\Lang{L'},8c732706442b9f9eb509c35b7fc86eea5eff0872ec7bb551cbd907e30d494b2f,0b29720d7fb06595c4dc44043f6b5482eeb8a83580347ec1bc679cca1c604ece
OLAB-EN-A11Y-NOTATION-002,mod:lin,read,parts/mod/chapters/lin/read.html,82,projected-formula-0014093,expr-b3b4cd7340bd3361,content/model-theory/lindstrom/abstract-logics.tex,83,3,1,formula-id-exact,"[{""chapter_key"":""mod:lin"",""formula_id"":""projected-formula-0014093"",""normalized_tex"":""\\Mod[L'](L){!F} = \\Setabs{\\Struct{M}}{\\Expan{M}{a} \\in \\Mod[L](L){!E} \\text{ for some } a \\in \\Domain{M}},"",""source_column"":3,""source_file"":""content/model-theory/lindstrom/abstract-logics.tex"",""source_ledger"":""data/mod-lin-semantic/semantic_occurrences.jsonl"",""source_ledger_line"":82,""source_line"":83}]",PENDING_FINAL_PAGINATION,"\Mod[L'](L){!F} = \Setabs{\Struct{M}}{\Expan{M}{a} \in \Mod[L](L){!E} \text{ for some } a \in \Domain{M}},",75bd94a51752ec23909184cf25c4e64f5d63902ea25a7a877b6652641baa7838,1fac1c987c04352a53483a7bc4c59a76ee5dea1f36ae455dddcbc32a5f0d8bb6
OLAB-EN-A11Y-NOTATION-001,mod:lin,read,parts/mod/chapters/lin/read.html,83,projected-formula-0014094,expr-5713cebc55c46f9a,content/model-theory/lindstrom/abstract-logics.tex,87,9,1,formula-id-exact,"[{""chapter_key"":""mod:lin"",""formula_id"":""projected-formula-0014094"",""normalized_tex"":""\\Lang{L'} = \\Lang{L} \\setminus \\{c\\}"",""source_column"":9,""source_file"":""content/model-theory/lindstrom/abstract-logics.tex"",""source_ledger"":""data/mod-lin-semantic/semantic_occurrences.jsonl"",""source_ledger_line"":83,""source_line"":87}]",PENDING_FINAL_PAGINATION,\Lang{L'} = \Lang{L} \setminus \{c\},f48a17bbc410df35786313fb0e213001a480f06c2f9011b45ef99115dc119f81,d9f1ed1732f3830ccaaa78df58179f7bfd64b12335315a6ddc8252484d1ea896
OLAB-EN-A11Y-NOTATION-002,mod:lin,read,parts/mod/chapters/lin/read.html,101,projected-formula-0014112,expr-20c747571b26cf2b,content/model-theory/lindstrom/abstract-logics.tex,100,3,1,formula-id-exact,"[{""chapter_key"":""mod:lin"",""formula_id"":""projected-formula-0014112"",""normalized_tex"":""\\Domain{N} = \\Setabs{a\\in \\Domain{M}}{\\Assign{R}{M}(a, b_1, \\dots, b_n)}"",""source_column"":3,""source_file"":""content/model-theory/lindstrom/abstract-logics.tex"",""source_ledger"":""data/mod-lin-semantic/semantic_occurrences.jsonl"",""source_ledger_line"":101,""source_line"":100}]",PENDING_FINAL_PAGINATION,"\Domain{N} = \Setabs{a\in \Domain{M}}{\Assign{R}{M}(a, b_1, \dots, b_n)}",edc4676c42752c3be68916e03ab734fc66fb09f56fd3c7cb9bc438c87b0ecf35,9a2005d1ea45c126d3673f2dbd41d5070a0076dda028c93f22bdc0fc7ba71282
OLAB-EN-A11Y-NOTATION-002,mod:lin,read,parts/mod/chapters/lin/read.html,248,projected-formula-0014259,expr-d5ea220ea0c041f7,content/model-theory/lindstrom/lindstrom-proof.tex,34,32,1,formula-id-exact,"[{""chapter_key"":""mod:lin"",""formula_id"":""projected-formula-0014259"",""normalized_tex"":""!D = \\textstyle\\bigvee \\Setabs{!D_{\\Struct{M}}}{\\Struct{M} \\models_L !E}"",""source_column"":32,""source_file"":""content/model-theory/lindstrom/lindstrom-proof.tex"",""source_ledger"":""data/mod-lin-semantic/semantic_occurrences.jsonl"",""source_ledger_line"":248,""source_line"":34}]",PENDING_FINAL_PAGINATION,!D = \textstyle\bigvee \Setabs{!D_{\Struct{M}}}{\Struct{M} \models_L !E},63f1d69986258c8c8ab7c5a988bb24d0bac4f9bb75f4bba7126ca6bd27637e79,6ae9c122c0ecaf5fe1857468d0ce3a2aab2b13203548851a15f0dd5ca02892a8
OLAB-EN-A11Y-NOTATION-002,mod:lin,read,parts/mod/chapters/lin/read.html,306,projected-formula-0014317,expr-980ea4bd1d2d3688,content/model-theory/lindstrom/lindstrom-proof.tex,90,1,1,formula-id-exact,"[{""chapter_key"":""mod:lin"",""formula_id"":""projected-formula-0014317"",""normalized_tex"":""\\Domain{M_n} & = \\Setabs{a \\in \\Domain{M}}{R(a, n)}; & \\Domain{N_n} & = \\Setabs{a \\in \\Domain{N}}{S(a,n)}; \\\\ \\Domain{M}^{<\\omega}_n & = \\Setabs{a \\in \\Domain{M}^{<\\omega}}{R(a,n)}; & \\Domain{N}^{<\\omega}_n & = \\Setabs{a \\in \\Domain{N}^{<\\omega}}{S(a,n)}."",""source_column"":1,""source_file"":""content/model-theory/lindstrom/lindstrom-proof.tex"",""source_ledger"":""data/mod-lin-semantic/semantic_occurrences.jsonl"",""source_ledger_line"":306,""source_line"":90}]",PENDING_FINAL_PAGINATION,"\Domain{M_n} & = \Setabs{a \in \Domain{M}}{R(a, n)}; & \Domain{N_n} & = \Setabs{a \in \Domain{N}}{S(a,n)}; \\ \Domain{M}^{<\omega}_n & = \Setabs{a \in \Domain{M}^{<\omega}}{R(a,n)}; & \Domain{N}^{<\omega}_n & = \Setabs{a \in \Domain{N}^{<\omega}}{S(a,n)}.",7b63397b397ac58a8ee78cbccd030140bf1eb1867cf3ef5a1c2ac2848037d421,740ce0a94d0a48dbf4f760dedc66b538813d86f4b880a48f6cfd24403cd41778
OLAB-EN-A11Y-NOTATION-002,mod:mar,explore,parts/mod/chapters/mar/explore.html,121,,expr-5cd888c50377bc38,content/model-theory/models-of-arithmetic/standard-models.tex,28,1,3,expression-occurrence-set-same-chapter,"[{""chapter_key"":""mod:mar"",""formula_id"":""projected-formula-0012906"",""normalized_tex"":""\\Domain{M} = \\Setabs{\\Value{\\num{n}}{M}}{n \\in \\Nat}"",""source_column"":1,""source_file"":""content/model-theory/models-of-arithmetic/standard-models.tex"",""source_ledger"":""data/mod-mar-semantic/semantic_occurrences.jsonl"",""source_ledger_line"":324,""source_line"":28},{""chapter_key"":""mod:mar"",""formula_id"":""projected-formula-0012930"",""normalized_tex"":""\\Domain{M} = \\Setabs{\\Value{\\num{n}}{M}}{n \\in \\Nat}"",""source_column"":1,""source_file"":""content/model-theory/models-of-arithmetic/standard-models.tex"",""source_ledger"":""data/mod-mar-semantic/semantic_occurrences.jsonl"",""source_ledger_line"":325,""source_line"":55},{""chapter_key"":""mod:mar"",""formula_id"":""projected-formula-0012933"",""normalized_tex"":""\\Domain{M} = \\Setabs{\\Value{\\num{n}}{M}}{n \\in \\Nat}"",""source_column"":27,""source_file"":""content/model-theory/models-of-arithmetic/standard-models.tex"",""source_ledger"":""data/mod-mar-semantic/semantic_occurrences.jsonl"",""source_ledger_line"":326,""source_line"":61}]",PENDING_FINAL_PAGINATION,\Domain{M} = \Setabs{\Value{\num{n}}{M}}{n \in \Nat},fe81565e1d123d06b5f8897583a6a7dcea896d226a086ccf11339528dd84646f,aa95e2e3f5b406aa7382a67a45d16cd0641a139764fc2f5bd3f3c856b6154d54
OLAB-EN-A11Y-NOTATION-002,mod:mar,explore,parts/mod/chapters/mar/explore.html,206,,expr-9e8238f66180fc0d,content/model-theory/models-of-arithmetic/computable-models.tex,46,1,1,expression-occurrence-set-same-chapter,"[{""chapter_key"":""mod:mar"",""formula_id"":""projected-formula-0013556"",""normalized_tex"":""\\Assign{\\Obj{0}}{K} & = 0\\\\ \\Assign{\\prime}{K}(x) & = \\begin{cases} x+1 & \\text{if $x\\in \\Nat$}\\\\ a & \\text{if $x = a$} \\end{cases}\\\\ \\Assign{+}{K}(x, y) & = \\begin{cases} x+y & \\text{if $x$, $y \\in\\Nat$}\\\\ a & \\text{otherwise} \\end{cases}\\\\ \\Assign{\\times}{K}(x, y) & = \\begin{cases} xy & \\text{if $x$, $y \\in\\Nat$}\\\\ 0 & \\text{if $x=0$ or $y=0$}\\\\ a & \\text{otherwise}\\\\ \\end{cases}\\\\ \\Assign{<}{K} & = \\Setabs{\\tuple{x,y}}{x, y \\in \\Nat \\text{ and } x<y} \\cup \\Setabs{\\tuple{x,a}}{n \\in \\Domain{K}}"",""source_column"":1,""source_file"":""content/model-theory/models-of-arithmetic/computable-models.tex"",""source_ledger"":""data/mod-mar-semantic/semantic_occurrences.jsonl"",""source_ledger_line"":455,""source_line"":46}]",PENDING_FINAL_PAGINATION,"\Assign{\Obj{0}}{K} & = 0\\ \Assign{\prime}{K}(x) & = \begin{cases} x+1 & \text{if $x\in \Nat$}\\ a & \text{if $x = a$} \end{cases}\\ \Assign{+}{K}(x, y) & = \begin{cases} x+y & \text{if $x$, $y \in\Nat$}\\ a & \text{otherwise} \end{cases}\\ \Assign{\times}{K}(x, y) & = \begin{cases} xy & \text{if $x$, $y \in\Nat$}\\ 0 & \text{if $x=0$ or $y=0$}\\ a & \text{otherwise}\\ \end{cases}\\ \Assign{<}{K} & = \Setabs{\tuple{x,y}}{x, y \in \Nat \text{ and } x<y} \cup \Setabs{\tuple{x,a}}{x \in \Domain{K}}",cc08bb33ea966e8aac8dd6423dffde9ff197c9a539e97893d23fbb5d5c942500,1a28c5e725bfcb4056ffdfe1edda13d899aa45af5d3c1e081f30cfce98f49c74
OLAB-EN-A11Y-NOTATION-002,mod:mar,explore,parts/mod/chapters/mar/explore.html,270,,expr-ccd0d23b56b6a247,content/model-theory/models-of-arithmetic/models-of-q.tex,30,1,1,expression-occurrence-set-same-chapter,"[{""chapter_key"":""mod:mar"",""formula_id"":""projected-formula-0013164"",""normalized_tex"":""\\Assign{\\Obj{0}}{K} & = 0\\\\ \\Assign{\\prime}{K}(x) & = \\begin{cases} x+1 & \\text{if $x\\in \\Nat$}\\\\ a & \\text{if $x = a$} \\end{cases}\\\\ \\Assign{+}{K}(x, y) & = \\begin{cases} x+y & \\text{if $x$, $y \\in\\Nat$}\\\\ a & \\text{otherwise} \\end{cases}\\\\ \\Assign{\\times}{K}(x, y) & = \\begin{cases} xy & \\text{if $x$, $y \\in\\Nat$}\\\\ 0 & \\text{if $x = 0$ or $y = 0$}\\\\ a & \\text{otherwise}\\\\ \\end{cases}\\\\ \\Assign{<}{K} & = \\Setabs{\\tuple{x,y}}{x, y \\in \\Nat \\text{ and } x<y} \\cup \\Setabs{\\tuple{x,a}}{x \\in \\Domain{K}}"",""source_column"":1,""source_file"":""content/model-theory/models-of-arithmetic/models-of-q.tex"",""source_ledger"":""data/mod-mar-semantic/semantic_occurrences.jsonl"",""source_ledger_line"":579,""source_line"":30}]",PENDING_FINAL_PAGINATION,"\Assign{\Obj{0}}{K} & = 0\\ \Assign{\prime}{K}(x) & = \begin{cases} x+1 & \text{if $x\in \Nat$}\\ a & \text{if $x = a$} \end{cases}\\ \Assign{+}{K}(x, y) & = \begin{cases} x+y & \text{if $x$, $y \in\Nat$}\\ a & \text{otherwise} \end{cases}\\ \Assign{\times}{K}(x, y) & = \begin{cases} xy & \text{if $x$, $y \in\Nat$}\\ 0 & \text{if $x = 0$ or $y = 0$}\\ a & \text{otherwise}\\ \end{cases}\\ \Assign{<}{K} & = \Setabs{\tuple{x,y}}{x, y \in \Nat \text{ and } x<y} \cup \Setabs{\tuple{x,a}}{x \in \Domain{K}}",934bdede721a5a8c9cb0fdf8d1781c3a932590b9ab4dfba2bdf9b0170555517e,38c188b5b3e987231c7e9f2cf8a2133671d0c01e75857487b1292037a58c25d5
OLAB-EN-A11Y-NOTATION-002,mod:mar,explore,parts/mod/chapters/mar/explore.html,324,,expr-f24501cd355c999c,content/model-theory/models-of-arithmetic/non-standard-models.tex,79,5,1,expression-occurrence-set-same-chapter,"[{""chapter_key"":""mod:mar"",""formula_id"":""projected-formula-0013102"",""normalized_tex"":""\\Th{TA} = \\Setabs{!A}{\\Sat{N}{!A}}"",""source_column"":5,""source_file"":""content/model-theory/models-of-arithmetic/non-standard-models.tex"",""source_ledger"":""data/mod-mar-semantic/semantic_occurrences.jsonl"",""source_ledger_line"":710,""source_line"":79}]",PENDING_FINAL_PAGINATION,\Th{TA} = \Setabs{!A}{\Sat{N}{!A}},c23897601a407e3b27ebc9c107029f62780b51600af783f872d7766a1c918b44,a8aeb18bc653a3a25842ab9914c17fa2c5751899c8e88728dc9df8256bf3cac3
OLAB-EN-A11Y-NOTATION-001,mod:mar,explore,parts/mod/chapters/mar/explore.html,326,,expr-f396f29509427e56,content/model-theory/models-of-arithmetic/computable-models.tex,18,4,16,expression-occurrence-set-same-chapter,"[{""chapter_key"":""mod:mar"",""formula_id"":""projected-formula-0013532"",""normalized_tex"":""\\Lang{L_A}"",""source_column"":4,""source_file"":""content/model-theory/models-of-arithmetic/computable-models.tex"",""source_ledger"":""data/mod-mar-semantic/semantic_occurrences.jsonl"",""source_ledger_line"":726,""source_line"":18},{""chapter_key"":""mod:mar"",""formula_id"":""projected-formula-0013548"",""normalized_tex"":""\\Lang{L_A}"",""source_column"":34,""source_file"":""content/model-theory/models-of-arithmetic/computable-models.tex"",""source_ledger"":""data/mod-mar-semantic/semantic_occurrences.jsonl"",""source_ledger_line"":727,""source_line"":36},{""chapter_key"":""mod:mar"",""formula_id"":""projected-formula-0013567"",""normalized_tex"":""\\Lang{L_A}"",""source_column"":33,""source_file"":""content/model-theory/models-of-arithmetic/computable-models.tex"",""source_ledger"":""data/mod-mar-semantic/semantic_occurrences.jsonl"",""source_ledger_line"":728,""source_line"":73},{""chapter_key"":""mod:mar"",""formula_id"":""projected-formula-0012865"",""normalized_tex"":""\\Lang{L_A}"",""source_column"":37,""source_file"":""content/model-theory/models-of-arithmetic/introduction.tex"",""source_ledger"":""data/mod-mar-semantic/semantic_occurrences.jsonl"",""source_ledger_line"":713,""source_line"":24},{""chapter_key"":""mod:mar"",""formula_id"":""projected-formula-0013348"",""normalized_tex"":""\\Lang{L_A}"",""source_column"":23,""source_file"":""content/model-theory/models-of-arithmetic/models-of-pa.tex"",""source_ledger"":""data/mod-mar-semantic/semantic_occurrences.jsonl"",""source_ledger_line"":725,""source_line"":74},{""chapter_key"":""mod:mar"",""formula_id"":""projected-formula-0013056"",""normalized_tex"":""\\Lang{L_A}"",""source_column"":28,""source_file"":""content/model-theory/models-of-arithmetic/non-standard-models.tex"",""source_ledger"":""data/mod-mar-semantic/semantic_occurrences.jsonl"",""source_ledger_line"":718,""source_line"":13},{""chapter_key"":""mod:mar"",""formula_id"":""projected-formula-0013060"",""normalized_tex"":""\\Lang{L_A}"",""source_column"":34,""source_file"":""content/model-theory/models-of-arithmetic/non-standard-models.tex"",""source_ledger"":""data/mod-mar-semantic/semantic_occurrences.jsonl"",""source_ledger_line"":719,""source_line"":19},{""chapter_key"":""mod:mar"",""formula_id"":""projected-formula-0013066"",""normalized_tex"":""\\Lang{L_A}"",""source_column"":5,""source_file"":""content/model-theory/models-of-arithmetic/non-standard-models.tex"",""source_ledger"":""data/mod-mar-semantic/semantic_occurrences.jsonl"",""source_ledger_line"":720,""source_line"":28},{""chapter_key"":""mod:mar"",""formula_id"":""projected-formula-0013068"",""normalized_tex"":""\\Lang{L_A}"",""source_column"":36,""source_file"":""content/model-theory/models-of-arithmetic/non-standard-models.tex"",""source_ledger"":""data/mod-mar-semantic/semantic_occurrences.jsonl"",""source_ledger_line"":721,""source_line"":35},{""chapter_key"":""mod:mar"",""formula_id"":""projected-formula-0013096"",""normalized_tex"":""\\Lang{L_A}"",""source_column"":1,""source_file"":""content/model-theory/models-of-arithmetic/non-standard-models.tex"",""source_ledger"":""data/mod-mar-semantic/semantic_occurrences.jsonl"",""source_ledger_line"":722,""source_line"":68},{""chapter_key"":""mod:mar"",""formula_id"":""projected-formula-0013105"",""normalized_tex"":""\\Lang{L_A}"",""source_column"":8,""source_file"":""content/model-theory/models-of-arithmetic/non-standard-models.tex"",""source_ledger"":""data/mod-mar-semantic/semantic_occurrences.jsonl"",""source_ledger_line"":723,""source_line"":84},{""chapter_key"":""mod:mar"",""formula_id"":""projected-formula-0013117"",""normalized_tex"":""\\Lang{L_A}"",""source_column"":53,""source_file"":""content/model-theory/models-of-arithmetic/non-standard-models.tex"",""source_ledger"":""data/mod-mar-semantic/semantic_occurrences.jsonl"",""source_ledger_line"":724,""source_line"":94},{""chapter_key"":""mod:mar"",""formula_id"":""projected-formula-0012900"",""normalized_tex"":""\\Lang{L_A}"",""source_column"":28,""source_file"":""content/model-theory/models-of-arithmetic/standard-models.tex"",""source_ledger"":""data/mod-mar-semantic/semantic_occurrences.jsonl"",""source_ledger_line"":714,""source_line"":12},{""chapter_key"":""mod:mar"",""formula_id"":""projected-formula-0012903"",""normalized_tex"":""\\Lang{L_A}"",""source_column"":21,""source_file"":""content/model-theory/models-of-arithmetic/standard-models.tex"",""source_ledger"":""data/mod-mar-semantic/semantic_occurrences.jsonl"",""source_ledger_line"":715,""source_line"":21},{""chapter_key"":""mod:mar"",""formula_id"":""projected-formula-0012920"",""normalized_tex"":""\\Lang{L_A}"",""source_column"":33,""source_file"":""content/model-theory/models-of-arithmetic/standard-models.tex"",""source_ledger"":""data/mod-mar-semantic/semantic_occurrences.jsonl"",""source_ledger_line"":716,""source_line"":44},{""chapter_key"":""mod:mar"",""formula_id"":""projected-formula-0012998"",""normalized_tex"":""\\Lang{L_A}"",""source_column"":1,""source_file"":""content/model-theory/models-of-arithmetic/standard-models.tex"",""source_ledger"":""data/mod-mar-semantic/semantic_occurrences.jsonl"",""source_ledger_line"":717,""source_line"":118}]",PENDING_FINAL_PAGINATION,\Lang{L_A},030603d61a338135b345084f8dc3a09d31bcc53c53e76dd785cbbd84e4130239,8f53e983648bc65bbb993351e7ee343e5db38ab1fcc392cb5fa53f13a29e06bd
OLAB-EN-A11Y-NOTATION-002,mod:mar,explore,parts/mod/chapters/mar/explore.html,332,,expr-f8ef16f248355710,content/model-theory/models-of-arithmetic/introduction.tex,48,1,1,expression-occurrence-set-same-chapter,"[{""chapter_key"":""mod:mar"",""formula_id"":""projected-formula-0012879"",""normalized_tex"":""\\Domain{N} = \\Setabs{\\Value{\\num{n}}{N}}{n \\in \\Nat}"",""source_column"":1,""source_file"":""content/model-theory/models-of-arithmetic/introduction.tex"",""source_ledger"":""data/mod-mar-semantic/semantic_occurrences.jsonl"",""source_ledger_line"":734,""source_line"":48}]",PENDING_FINAL_PAGINATION,\Domain{N} = \Setabs{\Value{\num{n}}{N}}{n \in \Nat},e907455b1c0f8c72847fe8c0c61141f4b75446a8fb738c4767e0f1542a7a0c1e,bed7ff8e0ffe53d43f2e59abaff9af36b06975e79e9242eaf5d79a9f6bbe3517
OLAB-EN-A11Y-NOTATION-001,mod:mar,read,parts/mod/chapters/mar/read.html,15,projected-formula-0012865,expr-f396f29509427e56,content/model-theory/models-of-arithmetic/introduction.tex,24,37,1,formula-id-exact,"[{""chapter_key"":""mod:mar"",""formula_id"":""projected-formula-0012865"",""normalized_tex"":""\\Lang{L_A}"",""source_column"":37,""source_file"":""content/model-theory/models-of-arithmetic/introduction.tex"",""source_ledger"":""data/mod-mar-semantic/semantic_occurrences.jsonl"",""source_ledger_line"":713,""source_line"":24}]",PENDING_FINAL_PAGINATION,\Lang{L_A},29b101f1c27f654ba5512c4142f067cdc2b85e1200098c821b1e5de540df5983,ed869d998b5cfa7de317c4c91bd6ba49a136674f92c8d99f6c27e6e48084f451
OLAB-EN-A11Y-NOTATION-002,mod:mar,read,parts/mod/chapters/mar/read.html,29,projected-formula-0012879,expr-f8ef16f248355710,content/model-theory/models-of-arithmetic/introduction.tex,48,1,1,formula-id-exact,"[{""chapter_key"":""mod:mar"",""formula_id"":""projected-formula-0012879"",""normalized_tex"":""\\Domain{N} = \\Setabs{\\Value{\\num{n}}{N}}{n \\in \\Nat}"",""source_column"":1,""source_file"":""content/model-theory/models-of-arithmetic/introduction.tex"",""source_ledger"":""data/mod-mar-semantic/semantic_occurrences.jsonl"",""source_ledger_line"":734,""source_line"":48}]",PENDING_FINAL_PAGINATION,\Domain{N} = \Setabs{\Value{\num{n}}{N}}{n \in \Nat},c9ae2ac4834587d6b34605c03ad81da2eaf9717c859db7dbe9ee98151403c1ed,f0fc16b5710b4c940c2f0a8e9d686ef793a466608b0c742f2dca5ba190b4f195
OLAB-EN-A11Y-NOTATION-001,mod:mar,read,parts/mod/chapters/mar/read.html,50,projected-formula-0012900,expr-f396f29509427e56,content/model-theory/models-of-arithmetic/standard-models.tex,12,28,1,formula-id-exact,"[{""chapter_key"":""mod:mar"",""formula_id"":""projected-formula-0012900"",""normalized_tex"":""\\Lang{L_A}"",""source_column"":28,""source_file"":""content/model-theory/models-of-arithmetic/standard-models.tex"",""source_ledger"":""data/mod-mar-semantic/semantic_occurrences.jsonl"",""source_ledger_line"":714,""source_line"":12}]",PENDING_FINAL_PAGINATION,\Lang{L_A},4baac8316834fc381f6a184cbd284bebe553cca2a54ab33474ea8b566335be27,dbf99549b9ae17df3ef25a88df146620d2fc75151ec6cb8252cf3b6ae0b22965
OLAB-EN-A11Y-NOTATION-001,mod:mar,read,parts/mod/chapters/mar/read.html,53,projected-formula-0012903,expr-f396f29509427e56,content/model-theory/models-of-arithmetic/standard-models.tex,21,21,1,formula-id-exact,"[{""chapter_key"":""mod:mar"",""formula_id"":""projected-formula-0012903"",""normalized_tex"":""\\Lang{L_A}"",""source_column"":21,""source_file"":""content/model-theory/models-of-arithmetic/standard-models.tex"",""source_ledger"":""data/mod-mar-semantic/semantic_occurrences.jsonl"",""source_ledger_line"":715,""source_line"":21}]",PENDING_FINAL_PAGINATION,\Lang{L_A},1fe1325e843084f0906f1badea92496f11b2f93e59beddfb63f49f0cc6c75696,434e2bd1feeba2e8a9afdb2ec9ee732273692b679169651aadc4c3d2e97cc905
OLAB-EN-A11Y-NOTATION-002,mod:mar,read,parts/mod/chapters/mar/read.html,56,projected-formula-0012906,expr-5cd888c50377bc38,content/model-theory/models-of-arithmetic/standard-models.tex,28,1,1,formula-id-exact,"[{""chapter_key"":""mod:mar"",""formula_id"":""projected-formula-0012906"",""normalized_tex"":""\\Domain{M} = \\Setabs{\\Value{\\num{n}}{M}}{n \\in \\Nat}"",""source_column"":1,""source_file"":""content/model-theory/models-of-arithmetic/standard-models.tex"",""source_ledger"":""data/mod-mar-semantic/semantic_occurrences.jsonl"",""source_ledger_line"":324,""source_line"":28}]",PENDING_FINAL_PAGINATION,\Domain{M} = \Setabs{\Value{\num{n}}{M}}{n \in \Nat},e17752ed8678489c978d87618e381ced1e267ad1f4f8a69558f46323072f4e51,14316c9c3d8a71dc8fbf4cac2ac072dc35a33672f5ce5fa85de1551331afdf61
OLAB-EN-A11Y-NOTATION-001,mod:mar,read,parts/mod/chapters/mar/read.html,70,projected-formula-0012920,expr-f396f29509427e56,content/model-theory/models-of-arithmetic/standard-models.tex,44,33,1,formula-id-exact,"[{""chapter_key"":""mod:mar"",""formula_id"":""projected-formula-0012920"",""normalized_tex"":""\\Lang{L_A}"",""source_column"":33,""source_file"":""content/model-theory/models-of-arithmetic/standard-models.tex"",""source_ledger"":""data/mod-mar-semantic/semantic_occurrences.jsonl"",""source_ledger_line"":716,""source_line"":44}]",PENDING_FINAL_PAGINATION,\Lang{L_A},9f3f05b189332b0b28a88a97d5147df623229c1e5126a31768fd1972f3be6927,daaf41d00e8877661299fddf8a47b7ea578cbbe8d47982873505de83487ec9b1
OLAB-EN-A11Y-NOTATION-002,mod:mar,read,parts/mod/chapters/mar/read.html,80,projected-formula-0012930,expr-5cd888c50377bc38,content/model-theory/models-of-arithmetic/standard-models.tex,55,1,1,formula-id-exact,"[{""chapter_key"":""mod:mar"",""formula_id"":""projected-formula-0012930"",""normalized_tex"":""\\Domain{M} = \\Setabs{\\Value{\\num{n}}{M}}{n \\in \\Nat}"",""source_column"":1,""source_file"":""content/model-theory/models-of-arithmetic/standard-models.tex"",""source_ledger"":""data/mod-mar-semantic/semantic_occurrences.jsonl"",""source_ledger_line"":325,""source_line"":55}]",PENDING_FINAL_PAGINATION,\Domain{M} = \Setabs{\Value{\num{n}}{M}}{n \in \Nat},6075e905a55cc03ee5eee25382f46ad284cc111d2997468aee91ca13c57bf7e8,8a546115948fc12656e5d2c5f0d26dd0713fbab6b1cdae72dec3358210cf46be
OLAB-EN-A11Y-NOTATION-002,mod:mar,read,parts/mod/chapters/mar/read.html,83,projected-formula-0012933,expr-5cd888c50377bc38,content/model-theory/models-of-arithmetic/standard-models.tex,61,27,1,formula-id-exact,"[{""chapter_key"":""mod:mar"",""formula_id"":""projected-formula-0012933"",""normalized_tex"":""\\Domain{M} = \\Setabs{\\Value{\\num{n}}{M}}{n \\in \\Nat}"",""source_column"":27,""source_file"":""content/model-theory/models-of-arithmetic/standard-models.tex"",""source_ledger"":""data/mod-mar-semantic/semantic_occurrences.jsonl"",""source_ledger_line"":326,""source_line"":61}]",PENDING_FINAL_PAGINATION,\Domain{M} = \Setabs{\Value{\num{n}}{M}}{n \in \Nat},932257914c009bba6148e48037c7b2a58cc7855affcf2c87a4242af4cad5f56b,59b94ca6bd84f8c8a82daf292d3db93ab5d1a71e80dad265f0db23c21f7b17e7
OLAB-EN-A11Y-NOTATION-001,mod:mar,read,parts/mod/chapters/mar/read.html,148,projected-formula-0012998,expr-f396f29509427e56,content/model-theory/models-of-arithmetic/standard-models.tex,118,1,1,formula-id-exact,"[{""chapter_key"":""mod:mar"",""formula_id"":""projected-formula-0012998"",""normalized_tex"":""\\Lang{L_A}"",""source_column"":1,""source_file"":""content/model-theory/models-of-arithmetic/standard-models.tex"",""source_ledger"":""data/mod-mar-semantic/semantic_occurrences.jsonl"",""source_ledger_line"":717,""source_line"":118}]",PENDING_FINAL_PAGINATION,\Lang{L_A},b4a9229a6bfd82dadb7dd2442d880ceddf7c0caf6ced6ebbcd43f866b07411d8,934d64d428045543e9c41d1fbb2026300b7cb06bb5b6b5e00eab431bf8775c0c
OLAB-EN-A11Y-NOTATION-001,mod:mar,read,parts/mod/chapters/mar/read.html,206,projected-formula-0013056,expr-f396f29509427e56,content/model-theory/models-of-arithmetic/non-standard-models.tex,13,28,1,formula-id-exact,"[{""chapter_key"":""mod:mar"",""formula_id"":""projected-formula-0013056"",""normalized_tex"":""\\Lang{L_A}"",""source_column"":28,""source_file"":""content/model-theory/models-of-arithmetic/non-standard-models.tex"",""source_ledger"":""data/mod-mar-semantic/semantic_occurrences.jsonl"",""source_ledger_line"":718,""source_line"":13}]",PENDING_FINAL_PAGINATION,\Lang{L_A},e65a411648d45d4feb73000c0b2620978c2ccb821b5e5f8c16c8915838e6f241,19e413f19716ff5be73987497880e2c4c7fbffcb8ef6eb27fde1327d463ef585
OLAB-EN-A11Y-NOTATION-001,mod:mar,read,parts/mod/chapters/mar/read.html,210,projected-formula-0013060,expr-f396f29509427e56,content/model-theory/models-of-arithmetic/non-standard-models.tex,19,34,1,formula-id-exact,"[{""chapter_key"":""mod:mar"",""formula_id"":""projected-formula-0013060"",""normalized_tex"":""\\Lang{L_A}"",""source_column"":34,""source_file"":""content/model-theory/models-of-arithmetic/non-standard-models.tex"",""source_ledger"":""data/mod-mar-semantic/semantic_occurrences.jsonl"",""source_ledger_line"":719,""source_line"":19}]",PENDING_FINAL_PAGINATION,\Lang{L_A},85883c9820e0bde6df638076b8d48c31e54fb3aad91f0518a6aeea780186fae9,1887aff58e4d331a460f317b550605506f62f684fda361a7dd1dcbc2eba5f506
OLAB-EN-A11Y-NOTATION-001,mod:mar,read,parts/mod/chapters/mar/read.html,216,projected-formula-0013066,expr-f396f29509427e56,content/model-theory/models-of-arithmetic/non-standard-models.tex,28,5,1,formula-id-exact,"[{""chapter_key"":""mod:mar"",""formula_id"":""projected-formula-0013066"",""normalized_tex"":""\\Lang{L_A}"",""source_column"":5,""source_file"":""content/model-theory/models-of-arithmetic/non-standard-models.tex"",""source_ledger"":""data/mod-mar-semantic/semantic_occurrences.jsonl"",""source_ledger_line"":720,""source_line"":28}]",PENDING_FINAL_PAGINATION,\Lang{L_A},c1921aacdaf5837a79e1ed4aa35da553118b187eea12a62975aec9a875da384b,83b060a6799626ce2aa5e0e88d4c742716ba08b71c22d80d3a0ad1ebfcbca778
OLAB-EN-A11Y-NOTATION-001,mod:mar,read,parts/mod/chapters/mar/read.html,218,projected-formula-0013068,expr-f396f29509427e56,content/model-theory/models-of-arithmetic/non-standard-models.tex,35,36,1,formula-id-exact,"[{""chapter_key"":""mod:mar"",""formula_id"":""projected-formula-0013068"",""normalized_tex"":""\\Lang{L_A}"",""source_column"":36,""source_file"":""content/model-theory/models-of-arithmetic/non-standard-models.tex"",""source_ledger"":""data/mod-mar-semantic/semantic_occurrences.jsonl"",""source_ledger_line"":721,""source_line"":35}]",PENDING_FINAL_PAGINATION,\Lang{L_A},ce33fb2b9378b68fc6bdc645b8a2710fb894b199e9e6c45cf03bbe8ee8dc7227,30b420f509184e50e7b5496bc4d802ac54ec12c0680b09e193bb80b517310f6f
OLAB-EN-A11Y-NOTATION-001,mod:mar,read,parts/mod/chapters/mar/read.html,246,projected-formula-0013096,expr-f396f29509427e56,content/model-theory/models-of-arithmetic/non-standard-models.tex,68,1,1,formula-id-exact,"[{""chapter_key"":""mod:mar"",""formula_id"":""projected-formula-0013096"",""normalized_tex"":""\\Lang{L_A}"",""source_column"":1,""source_file"":""content/model-theory/models-of-arithmetic/non-standard-models.tex"",""source_ledger"":""data/mod-mar-semantic/semantic_occurrences.jsonl"",""source_ledger_line"":722,""source_line"":68}]",PENDING_FINAL_PAGINATION,\Lang{L_A},4345609427eea1f6de5039ae4f8ab353e7334bc5e6a3fe75d8959e059b23a1e3,d18ae52fcecdebef63fa9a2cda6923716cc96dd7b21482f7b299c7cc6bd4a88e
OLAB-EN-A11Y-NOTATION-002,mod:mar,read,parts/mod/chapters/mar/read.html,252,projected-formula-0013102,expr-f24501cd355c999c,content/model-theory/models-of-arithmetic/non-standard-models.tex,79,5,1,formula-id-exact,"[{""chapter_key"":""mod:mar"",""formula_id"":""projected-formula-0013102"",""normalized_tex"":""\\Th{TA} = \\Setabs{!A}{\\Sat{N}{!A}}"",""source_column"":5,""source_file"":""content/model-theory/models-of-arithmetic/non-standard-models.tex"",""source_ledger"":""data/mod-mar-semantic/semantic_occurrences.jsonl"",""source_ledger_line"":710,""source_line"":79}]",PENDING_FINAL_PAGINATION,\Th{TA} = \Setabs{!A}{\Sat{N}{!A}},da8ea0160529b820a50d87d6d362159ec9bff000addde36cfbc197aa71de349a,033f09cbbf50f55b47c42791b4dbe841d3711c61ad2af400913f5bd14e2b2ca2
OLAB-EN-A11Y-NOTATION-001,mod:mar,read,parts/mod/chapters/mar/read.html,255,projected-formula-0013105,expr-f396f29509427e56,content/model-theory/models-of-arithmetic/non-standard-models.tex,84,8,1,formula-id-exact,"[{""chapter_key"":""mod:mar"",""formula_id"":""projected-formula-0013105"",""normalized_tex"":""\\Lang{L_A}"",""source_column"":8,""source_file"":""content/model-theory/models-of-arithmetic/non-standard-models.tex"",""source_ledger"":""data/mod-mar-semantic/semantic_occurrences.jsonl"",""source_ledger_line"":723,""source_line"":84}]",PENDING_FINAL_PAGINATION,\Lang{L_A},3443767c5bea10c6f304ee1497154fb0171fa87cf4bb57df5777acf355d14931,7c76213d7cdaccd535fe095e1b4ebe4d67bcaf85c8bc3efc3903b8eded057cf8
OLAB-EN-A11Y-NOTATION-001,mod:mar,read,parts/mod/chapters/mar/read.html,267,projected-formula-0013117,expr-f396f29509427e56,content/model-theory/models-of-arithmetic/non-standard-models.tex,94,53,1,formula-id-exact,"[{""chapter_key"":""mod:mar"",""formula_id"":""projected-formula-0013117"",""normalized_tex"":""\\Lang{L_A}"",""source_column"":53,""source_file"":""content/model-theory/models-of-arithmetic/non-standard-models.tex"",""source_ledger"":""data/mod-mar-semantic/semantic_occurrences.jsonl"",""source_ledger_line"":724,""source_line"":94}]",PENDING_FINAL_PAGINATION,\Lang{L_A},7c0cd27b870d19f8a87bd8b625a169bfdd9e679e8f36167125aa9cb980dec1d3,f7a5ceecf2167c60144affa8354bc129b463e712598525009bb2286124602396
OLAB-EN-A11Y-NOTATION-002,mod:mar,read,parts/mod/chapters/mar/read.html,314,projected-formula-0013164,expr-ccd0d23b56b6a247,content/model-theory/models-of-arithmetic/models-of-q.tex,30,1,1,formula-id-exact,"[{""chapter_key"":""mod:mar"",""formula_id"":""projected-formula-0013164"",""normalized_tex"":""\\Assign{\\Obj{0}}{K} & = 0\\\\ \\Assign{\\prime}{K}(x) & = \\begin{cases} x+1 & \\text{if $x\\in \\Nat$}\\\\ a & \\text{if $x = a$} \\end{cases}\\\\ \\Assign{+}{K}(x, y) & = \\begin{cases} x+y & \\text{if $x$, $y \\in\\Nat$}\\\\ a & \\text{otherwise} \\end{cases}\\\\ \\Assign{\\times}{K}(x, y) & = \\begin{cases} xy & \\text{if $x$, $y \\in\\Nat$}\\\\ 0 & \\text{if $x = 0$ or $y = 0$}\\\\ a & \\text{otherwise}\\\\ \\end{cases}\\\\ \\Assign{<}{K} & = \\Setabs{\\tuple{x,y}}{x, y \\in \\Nat \\text{ and } x<y} \\cup \\Setabs{\\tuple{x,a}}{x \\in \\Domain{K}}"",""source_column"":1,""source_file"":""content/model-theory/models-of-arithmetic/models-of-q.tex"",""source_ledger"":""data/mod-mar-semantic/semantic_occurrences.jsonl"",""source_ledger_line"":579,""source_line"":30}]",PENDING_FINAL_PAGINATION,"\Assign{\Obj{0}}{K} & = 0\\ \Assign{\prime}{K}(x) & = \begin{cases} x+1 & \text{if $x\in \Nat$}\\ a & \text{if $x = a$} \end{cases}\\ \Assign{+}{K}(x, y) & = \begin{cases} x+y & \text{if $x$, $y \in\Nat$}\\ a & \text{otherwise} \end{cases}\\ \Assign{\times}{K}(x, y) & = \begin{cases} xy & \text{if $x$, $y \in\Nat$}\\ 0 & \text{if $x = 0$ or $y = 0$}\\ a & \text{otherwise}\\ \end{cases}\\ \Assign{<}{K} & = \Setabs{\tuple{x,y}}{x, y \in \Nat \text{ and } x<y} \cup \Setabs{\tuple{x,a}}{x \in \Domain{K}}",fff3df7d0f5b4a9bba9b9e2898ba198133a3bb299b5906cce05ac145dd32cc71,86454e645fe7732c40ca77f578a3f8d9939693217e81c2ea6fb05d80671ef2ca
OLAB-EN-A11Y-NOTATION-001,mod:mar,read,parts/mod/chapters/mar/read.html,498,projected-formula-0013348,expr-f396f29509427e56,content/model-theory/models-of-arithmetic/models-of-pa.tex,74,23,1,formula-id-exact,"[{""chapter_key"":""mod:mar"",""formula_id"":""projected-formula-0013348"",""normalized_tex"":""\\Lang{L_A}"",""source_column"":23,""source_file"":""content/model-theory/models-of-arithmetic/models-of-pa.tex"",""source_ledger"":""data/mod-mar-semantic/semantic_occurrences.jsonl"",""source_ledger_line"":725,""source_line"":74}]",PENDING_FINAL_PAGINATION,\Lang{L_A},e5cb53f61ac98c65484619df44a6ff921bee0e5f108d597691c7f724dabb97b1,68365bc2aa7f603bee6002736835142219ba4b3a49461f5062f9c1925dc5326a
OLAB-EN-A11Y-NOTATION-001,mod:mar,read,parts/mod/chapters/mar/read.html,682,projected-formula-0013532,expr-f396f29509427e56,content/model-theory/models-of-arithmetic/computable-models.tex,18,4,1,formula-id-exact,"[{""chapter_key"":""mod:mar"",""formula_id"":""projected-formula-0013532"",""normalized_tex"":""\\Lang{L_A}"",""source_column"":4,""source_file"":""content/model-theory/models-of-arithmetic/computable-models.tex"",""source_ledger"":""data/mod-mar-semantic/semantic_occurrences.jsonl"",""source_ledger_line"":726,""source_line"":18}]",PENDING_FINAL_PAGINATION,\Lang{L_A},b0c1eae81bfc8a0971defc45999526f53fe97aa76041a8406ee3f88033e8e3c4,2918c53172a2779fbe09d2f98c7d3373c1b5f2db7da75aca5016e4a8970b6670
OLAB-EN-A11Y-NOTATION-001,mod:mar,read,parts/mod/chapters/mar/read.html,698,projected-formula-0013548,expr-f396f29509427e56,content/model-theory/models-of-arithmetic/computable-models.tex,36,34,1,formula-id-exact,"[{""chapter_key"":""mod:mar"",""formula_id"":""projected-formula-0013548"",""normalized_tex"":""\\Lang{L_A}"",""source_column"":34,""source_file"":""content/model-theory/models-of-arithmetic/computable-models.tex"",""source_ledger"":""data/mod-mar-semantic/semantic_occurrences.jsonl"",""source_ledger_line"":727,""source_line"":36}]",PENDING_FINAL_PAGINATION,\Lang{L_A},e6fe84a155e3fbf7c9da5501eaac791cbe04e1b0c3763094f2b7082f3c8d6412,8350ed3e737b0c14ad5385aa8c8f31aac01b5ae1e17ede8a433967572903476f
OLAB-EN-A11Y-NOTATION-002,mod:mar,read,parts/mod/chapters/mar/read.html,706,projected-formula-0013556,expr-9e8238f66180fc0d,content/model-theory/models-of-arithmetic/computable-models.tex,46,1,1,formula-id-exact,"[{""chapter_key"":""mod:mar"",""formula_id"":""projected-formula-0013556"",""normalized_tex"":""\\Assign{\\Obj{0}}{K} & = 0\\\\ \\Assign{\\prime}{K}(x) & = \\begin{cases} x+1 & \\text{if $x\\in \\Nat$}\\\\ a & \\text{if $x = a$} \\end{cases}\\\\ \\Assign{+}{K}(x, y) & = \\begin{cases} x+y & \\text{if $x$, $y \\in\\Nat$}\\\\ a & \\text{otherwise} \\end{cases}\\\\ \\Assign{\\times}{K}(x, y) & = \\begin{cases} xy & \\text{if $x$, $y \\in\\Nat$}\\\\ 0 & \\text{if $x=0$ or $y=0$}\\\\ a & \\text{otherwise}\\\\ \\end{cases}\\\\ \\Assign{<}{K} & = \\Setabs{\\tuple{x,y}}{x, y \\in \\Nat \\text{ and } x<y} \\cup \\Setabs{\\tuple{x,a}}{n \\in \\Domain{K}}"",""source_column"":1,""source_file"":""content/model-theory/models-of-arithmetic/computable-models.tex"",""source_ledger"":""data/mod-mar-semantic/semantic_occurrences.jsonl"",""source_ledger_line"":455,""source_line"":46}]",PENDING_FINAL_PAGINATION,"\Assign{\Obj{0}}{K} & = 0\\ \Assign{\prime}{K}(x) & = \begin{cases} x+1 & \text{if $x\in \Nat$}\\ a & \text{if $x = a$} \end{cases}\\ \Assign{+}{K}(x, y) & = \begin{cases} x+y & \text{if $x$, $y \in\Nat$}\\ a & \text{otherwise} \end{cases}\\ \Assign{\times}{K}(x, y) & = \begin{cases} xy & \text{if $x$, $y \in\Nat$}\\ 0 & \text{if $x=0$ or $y=0$}\\ a & \text{otherwise}\\ \end{cases}\\ \Assign{<}{K} & = \Setabs{\tuple{x,y}}{x, y \in \Nat \text{ and } x<y} \cup \Setabs{\tuple{x,a}}{x \in \Domain{K}}",0e7474f84060ba193009c6e1fa29cb468e5a494eef4a069e2e9d6a3287b95094,8cbedf0f369e9aa55ad8fb3a32e304da67ed32f9f12f6a7fe4dcd236b756fd74
OLAB-EN-A11Y-NOTATION-001,mod:mar,read,parts/mod/chapters/mar/read.html,717,projected-formula-0013567,expr-f396f29509427e56,content/model-theory/models-of-arithmetic/computable-models.tex,73,33,1,formula-id-exact,"[{""chapter_key"":""mod:mar"",""formula_id"":""projected-formula-0013567"",""normalized_tex"":""\\Lang{L_A}"",""source_column"":33,""source_file"":""content/model-theory/models-of-arithmetic/computable-models.tex"",""source_ledger"":""data/mod-mar-semantic/semantic_occurrences.jsonl"",""source_ledger_line"":728,""source_line"":73}]",PENDING_FINAL_PAGINATION,\Lang{L_A},51fabff6417ad201a6c596e57df0dece25e4490077f57ce70b4c9affa33c758b,cfd403f30391d306894e03bf854a1d5021141f5c2e70148d04c56b2487a5c604
OLAB-EN-A11Y-NOTATION-003,pl:com,explore,parts/pl/chapters/com/explore.html,6,,expr-09e63ea920e41318,content/first-order-logic/completeness/construction-of-model.tex,137,39,2,expression-occurrence-set-same-chapter,"[{""chapter_key"":""pl:com"",""formula_id"":""projected-formula-0005841"",""normalized_tex"":""\\Sat{M(\\Gamma^*)}{!A(t)}[s]"",""source_column"":39,""source_file"":""content/first-order-logic/completeness/construction-of-model.tex"",""source_ledger"":""data/pl-completeness-semantic/semantic_occurrences.jsonl"",""source_ledger_line"":231,""source_line"":137},{""chapter_key"":""pl:com"",""formula_id"":""projected-formula-0005843"",""normalized_tex"":""\\Sat{M(\\Gamma^*)}{!A(t)}[s]"",""source_column"":5,""source_file"":""content/first-order-logic/completeness/construction-of-model.tex"",""source_ledger"":""data/pl-completeness-semantic/semantic_occurrences.jsonl"",""source_ledger_line"":233,""source_line"":139}]",PENDING_FINAL_PAGINATION,\Sat{M(\Gamma^*)}{!A(t)}[s],1b336d9fdaffc95fb629b10773ce398bdde1954757e118fcc81a7d6c590c1377,65072ba39a1f246e8c3f8313a91834397da7715432db91c4f6241135b22dd334
OLAB-EN-A11Y-NOTATION-003,pl:com,explore,parts/pl/chapters/com/explore.html,112,,expr-ffd510d6693c962f,content/first-order-logic/completeness/construction-of-model.tex,132,30,3,expression-occurrence-set-same-chapter,"[{""chapter_key"":""pl:com"",""formula_id"":""projected-formula-0005834"",""normalized_tex"":""\\Sat{M(\\Gamma^*)}{!A(x)}[s]"",""source_column"":30,""source_file"":""content/first-order-logic/completeness/construction-of-model.tex"",""source_ledger"":""data/pl-completeness-semantic/semantic_occurrences.jsonl"",""source_ledger_line"":224,""source_line"":132},{""chapter_key"":""pl:com"",""formula_id"":""projected-formula-0005839"",""normalized_tex"":""\\Sat{M(\\Gamma^*)}{!A(x)}[s]"",""source_column"":25,""source_file"":""content/first-order-logic/completeness/construction-of-model.tex"",""source_ledger"":""data/pl-completeness-semantic/semantic_occurrences.jsonl"",""source_ledger_line"":229,""source_line"":135},{""chapter_key"":""pl:com"",""formula_id"":""projected-formula-0005840"",""normalized_tex"":""\\Sat{M(\\Gamma^*)}{!A(x)}[s]"",""source_column"":5,""source_file"":""content/first-order-logic/completeness/construction-of-model.tex"",""source_ledger"":""data/pl-completeness-semantic/semantic_occurrences.jsonl"",""source_ledger_line"":230,""source_line"":137}]",PENDING_FINAL_PAGINATION,\Sat{M(\Gamma^*)}{!A(x)}[s],4367e2aa28b425cbdc4cb4f6496d142fb2b0368ce0de14822c002e8124178e17,43fbf69b1cba182ce6252d9b25676a79920bad670e4adb539622a15f3c471e91
OLAB-EN-A11Y-NOTATION-001,pl:syn,explore,parts/pl/chapters/syn/explore.html,40,,expr-400048a76f6a5014,content/many-valued-logic/syntax-and-semantics/formulas.tex,35,28,3,expression-occurrence-set-cross-chapter,"[{""chapter_key"":""mvl:syn"",""formula_id"":""projected-formula-0023249"",""normalized_tex"":""\\Lang{L_0}"",""source_column"":28,""source_file"":""content/many-valued-logic/syntax-and-semantics/formulas.tex"",""source_ledger"":""data/mvl-syn-semantic/semantic_occurrences.jsonl"",""source_ledger_line"":94,""source_line"":35},{""chapter_key"":null,""formula_id"":""projected-formula-0003195"",""normalized_tex"":""\\Lang{L_0}"",""source_column"":43,""source_file"":""content/propositional-logic/syntax-and-semantics/valuations-sat.tex"",""source_ledger"":""data/pl-syntax-semantics-authority/semantic_occurrences.jsonl"",""source_ledger_line"":234,""source_line"":15},{""chapter_key"":null,""formula_id"":""projected-formula-0003254"",""normalized_tex"":""\\Lang{L_0}"",""source_column"":20,""source_file"":""content/propositional-logic/syntax-and-semantics/valuations-sat.tex"",""source_ledger"":""data/pl-syntax-semantics-authority/semantic_occurrences.jsonl"",""source_ledger_line"":293,""source_line"":120}]",PENDING_FINAL_PAGINATION,\Lang{L_0},58c3b9c3702719b00e652c3d64ad33c6d1bc98030c6c4bc245bf6f9b3116f3da,7326f561c76c50ccb5c1e4da94abd5c3bb99ef6c010295a90fc4b943c0132131
OLAB-EN-A11Y-NOTATION-001,pl:syn,explore,parts/pl/chapters/syn/explore.html,137,,expr-d72c2cedf15e5fa4,content/many-valued-logic/infinite-valued-logics/goedel.tex,20,45,15,expression-occurrence-set-cross-chapter,"[{""chapter_key"":""mvl:inf"",""formula_id"":""projected-formula-0024137"",""normalized_tex"":""\\Lang L_0"",""source_column"":45,""source_file"":""content/many-valued-logic/infinite-valued-logics/goedel.tex"",""source_ledger"":""data/mvl-inf-semantic/semantic_occurrences.jsonl"",""source_ledger_line"":90,""source_line"":20},{""chapter_key"":""mvl:inf"",""formula_id"":""projected-formula-0024062"",""normalized_tex"":""\\Lang L_0"",""source_column"":45,""source_file"":""content/many-valued-logic/infinite-valued-logics/lukasiewicz.tex"",""source_ledger"":""data/mvl-inf-semantic/semantic_occurrences.jsonl"",""source_ledger_line"":15,""source_line"":21},{""chapter_key"":""mvl:syn"",""formula_id"":""projected-formula-0023215"",""normalized_tex"":""\\Lang L_0"",""source_column"":48,""source_file"":""content/many-valued-logic/syntax-and-semantics/connectives.tex"",""source_ledger"":""data/mvl-syn-semantic/semantic_occurrences.jsonl"",""source_ledger_line"":60,""source_line"":56},{""chapter_key"":""mvl:syn"",""formula_id"":""projected-formula-0023267"",""normalized_tex"":""\\Lang L_0"",""source_column"":45,""source_file"":""content/many-valued-logic/syntax-and-semantics/matrices.tex"",""source_ledger"":""data/mvl-syn-semantic/semantic_occurrences.jsonl"",""source_ledger_line"":112,""source_line"":33},{""chapter_key"":""mvl:thr"",""formula_id"":""projected-formula-0023815"",""normalized_tex"":""\\Lang L_0"",""source_column"":45,""source_file"":""content/many-valued-logic/three-valued-logics/goedel.tex"",""source_ledger"":""data/mvl-thr-semantic/semantic_occurrences.jsonl"",""source_ledger_line"":373,""source_line"":20},{""chapter_key"":""mvl:thr"",""formula_id"":""projected-formula-0023647"",""normalized_tex"":""\\Lang L_0"",""source_column"":45,""source_file"":""content/many-valued-logic/three-valued-logics/kleene.tex"",""source_ledger"":""data/mvl-thr-semantic/semantic_occurrences.jsonl"",""source_ledger_line"":205,""source_line"":48},{""chapter_key"":""mvl:thr"",""formula_id"":""projected-formula-0023711"",""normalized_tex"":""\\Lang L_0"",""source_column"":45,""source_file"":""content/many-valued-logic/three-valued-logics/kleene.tex"",""source_ledger"":""data/mvl-thr-semantic/semantic_occurrences.jsonl"",""source_ledger_line"":269,""source_line"":92},{""chapter_key"":""mvl:thr"",""formula_id"":""projected-formula-0023486"",""normalized_tex"":""\\Lang L_0"",""source_column"":45,""source_file"":""content/many-valued-logic/three-valued-logics/lukasiewicz.tex"",""source_ledger"":""data/mvl-thr-semantic/semantic_occurrences.jsonl"",""source_ledger_line"":44,""source_line"":80},{""chapter_key"":""mvl:thr"",""formula_id"":""projected-formula-0023910"",""normalized_tex"":""\\Lang L_0"",""source_column"":45,""source_file"":""content/many-valued-logic/three-valued-logics/multiple-designation.tex"",""source_ledger"":""data/mvl-thr-semantic/semantic_occurrences.jsonl"",""source_ledger_line"":468,""source_line"":22},{""chapter_key"":""mvl:thr"",""formula_id"":""projected-formula-0023920"",""normalized_tex"":""\\Lang L_0"",""source_column"":45,""source_file"":""content/many-valued-logic/three-valued-logics/multiple-designation.tex"",""source_ledger"":""data/mvl-thr-semantic/semantic_occurrences.jsonl"",""source_ledger_line"":478,""source_line"":33},{""chapter_key"":""mvl:thr"",""formula_id"":""projected-formula-0024019"",""normalized_tex"":""\\Lang L_0"",""source_column"":47,""source_file"":""content/many-valued-logic/three-valued-logics/multiple-designation.tex"",""source_ledger"":""data/mvl-thr-semantic/semantic_occurrences.jsonl"",""source_ledger_line"":577,""source_line"":164},{""chapter_key"":null,""formula_id"":""projected-formula-0003125"",""normalized_tex"":""\\Lang L_0"",""source_column"":27,""source_file"":""content/propositional-logic/syntax-and-semantics/formation-sequences.tex"",""source_ledger"":""data/pl-syntax-semantics-authority/semantic_occurrences.jsonl"",""source_ledger_line"":164,""source_line"":23},{""chapter_key"":null,""formula_id"":""projected-formula-0003165"",""normalized_tex"":""\\Lang L_0"",""source_column"":17,""source_file"":""content/propositional-logic/syntax-and-semantics/formation-sequences.tex"",""source_ledger"":""data/pl-syntax-semantics-authority/semantic_occurrences.jsonl"",""source_ledger_line"":204,""source_line"":117},{""chapter_key"":null,""formula_id"":""projected-formula-0003167"",""normalized_tex"":""\\Lang L_0"",""source_column"":10,""source_file"":""content/propositional-logic/syntax-and-semantics/formation-sequences.tex"",""source_ledger"":""data/pl-syntax-semantics-authority/semantic_occurrences.jsonl"",""source_ledger_line"":206,""source_line"":122},{""chapter_key"":null,""formula_id"":""projected-formula-0002999"",""normalized_tex"":""\\Lang L_0"",""source_column"":51,""source_file"":""content/propositional-logic/syntax-and-semantics/formulas.tex"",""source_ledger"":""data/pl-syntax-semantics-authority/semantic_occurrences.jsonl"",""source_ledger_line"":38,""source_line"":35}]",PENDING_FINAL_PAGINATION,\Lang L_0,71841291240f5913a643992ea6a1e61c5cb0c3668c48006f9738ee586b2c22d6,58858aaccdf29ee6a6b930e38d31121acc88e3f23927464acb1c59a043c738ba
OLAB-EN-A11Y-NOTATION-001,pl:syn,read,parts/pl/chapters/syn/read.html,40,projected-formula-0002999,expr-d72c2cedf15e5fa4,content/propositional-logic/syntax-and-semantics/formulas.tex,35,51,1,formula-id-exact,"[{""chapter_key"":null,""formula_id"":""projected-formula-0002999"",""normalized_tex"":""\\Lang L_0"",""source_column"":51,""source_file"":""content/propositional-logic/syntax-and-semantics/formulas.tex"",""source_ledger"":""data/pl-syntax-semantics-authority/semantic_occurrences.jsonl"",""source_ledger_line"":38,""source_line"":35}]",PENDING_FINAL_PAGINATION,\Lang L_0,3e5b46a671d8a77c0122c90a94aa92437c08f71ce6a0fa470e8319b55915bfaa,27848b589ea2b619dded71e8cabb8ec25798514182c75e5548e1e8b370eee506
OLAB-EN-A11Y-NOTATION-001,pl:syn,read,parts/pl/chapters/syn/read.html,166,projected-formula-0003125,expr-d72c2cedf15e5fa4,content/propositional-logic/syntax-and-semantics/formation-sequences.tex,23,27,1,formula-id-exact,"[{""chapter_key"":null,""formula_id"":""projected-formula-0003125"",""normalized_tex"":""\\Lang L_0"",""source_column"":27,""source_file"":""content/propositional-logic/syntax-and-semantics/formation-sequences.tex"",""source_ledger"":""data/pl-syntax-semantics-authority/semantic_occurrences.jsonl"",""source_ledger_line"":164,""source_line"":23}]",PENDING_FINAL_PAGINATION,\Lang L_0,99856af01767147d8889f5e5b66bcc80a410da0d7bdde69926f0ea81699d43ba,f978bae166cd0ac5e2b68f98dfefb15b3cdce51d07e75991035950dcf6c6d34a
OLAB-EN-A11Y-NOTATION-001,pl:syn,read,parts/pl/chapters/syn/read.html,206,projected-formula-0003165,expr-d72c2cedf15e5fa4,content/propositional-logic/syntax-and-semantics/formation-sequences.tex,117,17,1,formula-id-exact,"[{""chapter_key"":null,""formula_id"":""projected-formula-0003165"",""normalized_tex"":""\\Lang L_0"",""source_column"":17,""source_file"":""content/propositional-logic/syntax-and-semantics/formation-sequences.tex"",""source_ledger"":""data/pl-syntax-semantics-authority/semantic_occurrences.jsonl"",""source_ledger_line"":204,""source_line"":117}]",PENDING_FINAL_PAGINATION,\Lang L_0,b481dfb98b3e6d80cf9bb2614db9831a89e4391a7930405671f6b8002a274979,d477ca94ea92e5096e5082abc901d7ccc7242719a0b25514cefe3c95ee7d706d
OLAB-EN-A11Y-NOTATION-001,pl:syn,read,parts/pl/chapters/syn/read.html,208,projected-formula-0003167,expr-d72c2cedf15e5fa4,content/propositional-logic/syntax-and-semantics/formation-sequences.tex,122,10,1,formula-id-exact,"[{""chapter_key"":null,""formula_id"":""projected-formula-0003167"",""normalized_tex"":""\\Lang L_0"",""source_column"":10,""source_file"":""content/propositional-logic/syntax-and-semantics/formation-sequences.tex"",""source_ledger"":""data/pl-syntax-semantics-authority/semantic_occurrences.jsonl"",""source_ledger_line"":206,""source_line"":122}]",PENDING_FINAL_PAGINATION,\Lang L_0,1ec458b0d009cb7537a138eca4b8148541f8854419a1592a3d2575d729478fbc,a7310ba1860f45c5e1b2f301a5ded03cb316566c0c35315eae615e6abc639a0e
OLAB-EN-A11Y-NOTATION-001,pl:syn,read,parts/pl/chapters/syn/read.html,236,projected-formula-0003195,expr-400048a76f6a5014,content/propositional-logic/syntax-and-semantics/valuations-sat.tex,15,43,1,formula-id-exact,"[{""chapter_key"":null,""formula_id"":""projected-formula-0003195"",""normalized_tex"":""\\Lang{L_0}"",""source_column"":43,""source_file"":""content/propositional-logic/syntax-and-semantics/valuations-sat.tex"",""source_ledger"":""data/pl-syntax-semantics-authority/semantic_occurrences.jsonl"",""source_ledger_line"":234,""source_line"":15}]",PENDING_FINAL_PAGINATION,\Lang{L_0},e1221547aa5bc209083cb574d8a58920955b1debb9658e49d3b07db34bd84eb9,d1e9075325eaaebd908fd1983516ed27ea374ad254f12ceadd4bd6438ef8e6f6
OLAB-EN-A11Y-NOTATION-001,pl:syn,read,parts/pl/chapters/syn/read.html,295,projected-formula-0003254,expr-400048a76f6a5014,content/propositional-logic/syntax-and-semantics/valuations-sat.tex,120,20,1,formula-id-exact,"[{""chapter_key"":null,""formula_id"":""projected-formula-0003254"",""normalized_tex"":""\\Lang{L_0}"",""source_column"":20,""source_file"":""content/propositional-logic/syntax-and-semantics/valuations-sat.tex"",""source_ledger"":""data/pl-syntax-semantics-authority/semantic_occurrences.jsonl"",""source_ledger_line"":293,""source_line"":120}]",PENDING_FINAL_PAGINATION,\Lang{L_0},8db02ec440fa8243018efb3287bc02e4f29223b03305a557c98e932264a78379,479affdc0019f53b1b4046ff4243627b9d4e918fd19ef4d78839c9c2a1feea3f
OLAB-EN-A11Y-NOTATION-002,tur:und,explore,parts/tur/chapters/und/explore.html,134,,expr-7d342f063525a48d,content/turing-machines/undecidability/verification.tex,297,1,1,expression-occurrence-set-cross-chapter,"[{""chapter_key"":null,""formula_id"":""projected-formula-0017438"",""normalized_tex"":""\\Assign{\\Obj Q_q}{M} & = \\Setabs{\\tuple{m, n}}{\\begin{array}{ll}\\text{started on~$w$, after~$n$ steps,}\\\\ \\text{$M$ is in state $q$ scanning square~$m$}\\end{array}} \\\\ \\Assign{\\Obj S_\\sigma}{M} & = \\Setabs{\\tuple{m, n}}{\\begin{array}{ll} \\text{started on~$w$, after $n$ steps,}\\\\ \\text{square~$m$ of $M$ contains symbol~$\\sigma$}\\end{array}}"",""source_column"":1,""source_file"":""content/turing-machines/undecidability/verification.tex"",""source_ledger"":""data/tur-und-semantic/semantic_occurrences.jsonl"",""source_ledger_line"":644,""source_line"":297}]",PENDING_FINAL_PAGINATION,"\Assign{\Obj Q_q}{M} & = \Setabs{\tuple{m, n}}{\begin{array}{ll}\text{started on~$w$, after~$n$ steps,}\\ \text{$M$ is in state $q$ scanning square~$m$}\end{array}} \\ \Assign{\Obj S_\sigma}{M} & = \Setabs{\tuple{m, n}}{\begin{array}{ll} \text{started on~$w$, after $n$ steps,}\\ \text{square~$m$ of $M$ contains symbol~$\sigma$}\end{array}}",c1ed637ada688454866b12d3888f6ac9a79fdbd5381df2645d0a9b2c1f4fad44,1c533224c0a4bbb3451bef911417859fafa4650efbb5c07633f7aa9800d4a3f3
OLAB-EN-A11Y-NOTATION-002,tur:und,read,parts/tur/chapters/und/read.html,644,projected-formula-0017438,expr-7d342f063525a48d,content/turing-machines/undecidability/verification.tex,297,1,1,formula-id-exact,"[{""chapter_key"":null,""formula_id"":""projected-formula-0017438"",""normalized_tex"":""\\Assign{\\Obj Q_q}{M} & = \\Setabs{\\tuple{m, n}}{\\begin{array}{ll}\\text{started on~$w$, after~$n$ steps,}\\\\ \\text{$M$ is in state $q$ scanning square~$m$}\\end{array}} \\\\ \\Assign{\\Obj S_\\sigma}{M} & = \\Setabs{\\tuple{m, n}}{\\begin{array}{ll} \\text{started on~$w$, after $n$ steps,}\\\\ \\text{square~$m$ of $M$ contains symbol~$\\sigma$}\\end{array}}"",""source_column"":1,""source_file"":""content/turing-machines/undecidability/verification.tex"",""source_ledger"":""data/tur-und-semantic/semantic_occurrences.jsonl"",""source_ledger_line"":644,""source_line"":297}]",PENDING_FINAL_PAGINATION,"\Assign{\Obj Q_q}{M} & = \Setabs{\tuple{m, n}}{\begin{array}{ll}\text{started on~$w$, after~$n$ steps,}\\ \text{$M$ is in state $q$ scanning square~$m$}\end{array}} \\ \Assign{\Obj S_\sigma}{M} & = \Setabs{\tuple{m, n}}{\begin{array}{ll} \text{started on~$w$, after $n$ steps,}\\ \text{square~$m$ of $M$ contains symbol~$\sigma$}\end{array}}",5e4dca3d7bfbbf08dd95563a9768010a61fd8b772343491f808c979dae67fda4,984351b4b285611fad134bed17a405d3183b0842a3484fcf4b9171410717f8db
